,Player,G,GS,Int,Yds,IntTD,Lng,PD,FF,Fmb,FR,Yds.1,FRTD,Sk,Comb,Solo,Ast,TFL,QBHits,Sfty,Awards
0,Ethan Westbrooks,1,0,0,0,0,0,0,0,0,0,0,0,0.0,1,1,0,0,0,0,0
1,Nick Thurman,1,0,0,0,0,0,0,0,0,0,0,0,0.0,1,1,0,0,1,0,0
2,Za'Darius Smith,1,0,0,0,0,0,0,0,0,0,0,0,0.0,1,1,0,0,0,0,0
3,Jabaal Sheard,1,0,0,0,0,0,0,0,0,0,0,0,0.0,1,0,1,0,0,0,0
4,Freedom Akinmoladun,1,0,0,0,0,0,0,0,0,0,0,0,0.0,2,2,0,0,0,0,0
5,Rashad Weaver,2,0,0,0,0,0,0,0,0,0,0,0,0.0,2,0,2,0,0,0,0
6,Brandon Graham,2,2,0,0,0,0,0,0,0,0,0,0,0.0,2,2,0,1,1,0,0
7,Jabari Zuniga,3,0,0,0,0,0,0,1,0,0,0,0,1.0,3,1,2,0,1,0,0
8,Cameron Malveaux,3,0,0,0,0,0,0,0,0,0,0,0,0.0,3,0,3,0,2,0,0
9,Justin Lawler,3,0,0,0,0,0,0,0,0,0,0,0,0.0,1,0,1,0,0,0,0
10,Darryl Johnson,3,0,0,0,0,0,0,0,0,0,0,0,0.0,1,0,1,0,0,0,0
11,Da'Shawn Hand,3,0,0,0,0,0,1,0,0,0,0,0,0.0,2,1,1,0,0,0,0
12,William Bradley-King,3,0,0,0,0,0,0,0,0,0,0,0,0.5,5,0,5,0,1,0,0
13,Eric Banks,3,0,0,0,0,0,0,0,0,0,0,0,0.0,1,0,1,0,0,0,0
14,Abdullah Anderson,3,0,0,0,0,0,0,0,0,0,0,0,0.0,2,1,1,0,0,0,0
15,Chris Smith,4,0,0,0,0,0,0,0,0,0,0,0,1.5,8,4,4,1,3,0,0
16,Chauncey Rivers,4,0,0,0,0,0,0,0,0,0,0,0,0.0,2,2,0,0,0,0,0
17,Cassius Marsh,4,0,0,0,0,0,0,0,0,0,0,0,1.0,6,4,2,0,2,0,0
18,John Cominsky,4,0,0,0,0,0,0,0,0,0,0,0,0.0,2,2,0,1,0,0,0
19,Henry Anderson,4,0,0,0,0,0,0,0,0,0,0,0,0.0,3,3,0,0,0,0,0
20,Bradlee Anae,4,0,0,0,0,0,0,0,0,0,0,0,0.0,2,2,0,0,0,0,0
21,Romeo Okwara,4,4,0,0,0,0,0,0,0,0,0,0,1.0,6,3,3,1,2,0,0
22,Payton Turner,5,0,0,0,0,0,0,0,0,0,0,0,1.0,12,9,3,3,3,0,0
23,Derick Roberson,5,0,0,0,0,0,0,0,0,0,0,0,1.5,11,6,5,3,4,0,0
24,Derek Rivers,5,1,0,0,0,0,0,0,0,0,0,0,1.0,9,7,2,2,1,0,0
25,Josh Mauro,5,1,0,0,0,0,0,0,0,0,0,0,1.0,3,1,2,1,1,0,0
26,Amani Bledsoe,5,2,0,0,0,0,1,0,0,0,0,0,0.0,1,1,0,0,0,0,0
27,Kenny Willekes,6,0,0,0,0,0,1,0,0,0,0,0,2.5,18,11,7,2,7,0,0
28,Tashawn Bower,6,0,0,0,0,0,0,0,0,0,0,0,1.0,4,2,2,1,1,0,0
29,Porter Gustin,6,1,0,0,0,0,0,0,0,1,-6,0,0.0,9,6,3,0,0,0,0
30,Brent Urban,6,4,0,0,0,0,1,0,0,0,0,0,0.0,3,0,3,0,0,0,0
31,Kyle Phillips,7,1,0,0,0,0,0,0,0,0,0,0,1.0,15,6,9,2,3,0,0
32,Harvey Langi,7,1,0,0,0,0,0,0,0,0,0,0,0.0,3,1,2,0,0,0,0
33,Khalid Kareem,7,1,0,0,0,0,0,1,0,1,4,0,0.0,9,5,4,1,2,0,0
34,Jessie Lemonier,7,2,0,0,0,0,0,0,0,0,0,0,1.5,15,8,7,1,3,0,0
35,Jonah Williams,8,0,0,0,0,0,0,0,0,0,0,0,0.0,5,1,4,0,0,0,0
36,Elerson Smith,8,0,0,0,0,0,0,1,0,0,0,0,0.0,8,2,6,0,2,0,0
37,Boogie Basham,8,0,0,0,0,0,0,0,0,0,0,0,2.5,18,11,7,4,3,0,0
38,Damion Square,8,1,0,0,0,0,0,0,0,0,0,0,0.5,9,3,6,0,3,0,0
39,Jalyn Holmes,8,1,0,0,0,0,1,0,0,0,0,0,0.0,14,7,7,2,0,0,0
40,Tyquan Lewis,8,2,1,8,0,8,2,0,1,0,0,0,2.5,14,10,4,3,6,0,0
41,Ronald Blair,8,3,0,0,0,0,0,0,0,1,0,0,1.0,28,12,16,4,4,0,0
42,Ifeadi Odenigbo,9,0,0,0,0,0,0,0,0,1,0,0,0.0,13,7,6,0,3,0,0
43,Patrick Jones II,9,0,0,0,0,0,0,0,0,0,0,0,0.0,7,4,3,0,0,0,0
44,Bunmi Rotimi,9,1,0,0,0,0,0,0,0,0,0,0,1.0,10,5,5,1,1,0,0
45,Jonathan Bullard,9,4,0,0,0,0,1,0,0,0,0,0,0.0,21,8,13,0,1,0,0
46,Akiem Hicks,9,9,0,0,0,0,0,0,0,0,0,0,3.5,25,19,6,5,9,0,0
47,Oshane Ximines,10,0,0,0,0,0,3,0,0,0,0,0,0.0,13,4,9,0,2,0,0
48,Dayo Odeyingbo,10,0,0,0,0,0,0,1,0,0,0,0,0.5,6,5,1,0,1,0,0
49,Pernell McPhee,10,0,0,0,0,0,0,0,0,0,0,0,1.0,14,11,3,2,3,0,0
50,Margus Hunt,10,0,0,0,0,0,0,0,0,0,0,0,0.0,14,6,8,3,0,0,0
51,Jaylon Ferguson,10,0,0,0,0,0,0,0,0,0,0,0,0.0,6,3,3,0,3,0,0
52,L.J. Collier,10,0,0,0,0,0,1,0,0,0,0,0,0.0,8,3,5,1,5,0,0
53,Efe Obada,10,1,0,0,0,0,1,0,0,0,0,0,3.5,12,8,4,3,8,0,0
54,Tim Ward,11,0,0,0,0,0,2,0,0,0,0,0,0.0,12,5,7,0,0,0,0
55,Marlon Davidson,11,1,1,3,1,3,1,0,0,1,0,0,1.0,21,12,9,1,1,0,0
56,Taco Charlton,11,1,0,0,0,0,1,0,0,0,0,0,0.5,18,7,11,0,2,0,0
57,Takkarist McKinley,11,2,0,0,0,0,0,1,0,0,0,0,2.5,18,10,8,3,8,0,0
58,Larrell Murchison,11,5,0,0,0,0,0,0,0,0,0,0,0.0,8,4,4,1,0,0,0
59,Joe Jackson,12,0,0,0,0,0,0,0,0,0,0,0,1.5,16,9,7,3,3,0,0
60,Mario Edwards,12,1,0,0,0,0,1,0,0,0,0,0,2.0,8,2,6,1,5,0,0
61,Pat O'Connor,13,0,0,0,0,0,0,0,0,0,0,0,0.5,4,2,2,1,2,0,0
62,Carl Nassib,13,0,0,0,0,0,0,1,0,0,0,0,1.5,21,16,5,3,4,0,0
63,DeMarcus Walker,13,2,0,0,0,0,1,1,0,0,0,0,2.0,31,21,10,4,7,0,0
64,Cameron Sample,14,0,0,0,0,0,0,0,0,0,0,0,1.5,14,9,5,1,5,0,0
65,A.J. Epenesa,14,0,0,0,0,0,1,0,0,0,0,0,1.5,14,8,6,2,9,0,0
66,Victor Dimukeje,14,0,0,0,0,0,0,0,0,0,0,0,0.0,3,0,3,0,1,0,0
67,Joe Gaziano,14,1,0,0,0,0,1,0,0,0,0,0,0.0,13,8,5,1,2,0,0
68,Yetur Gross-Matos,14,2,0,0,0,0,1,1,0,0,0,0,3.5,28,18,10,5,4,0,0
69,Christian Ringo,14,4,0,0,0,0,0,1,0,1,0,0,0.0,26,12,14,2,3,0,0
70,Derrek Tuszka,15,0,0,0,0,0,0,1,0,0,0,0,2.0,18,9,9,1,2,0,0
71,Raymond Johnson,15,0,0,0,0,0,0,0,0,0,0,0,1.0,4,3,1,1,1,0,0
72,Odafe Oweh,15,2,0,0,0,0,1,3,0,2,0,0,5.0,33,23,10,5,15,0,0
73,Charles Omenihu,15,2,0,0,0,0,1,0,0,0,0,0,0.0,17,14,3,1,4,0,0
74,Carl Granderson,15,3,0,0,0,0,0,0,0,0,0,0,3.0,25,11,14,5,8,0,0
75,Clelin Ferrell,16,0,0,0,0,0,1,0,0,0,0,0,1.5,14,8,6,1,6,0,0
76,Jonathan Garvin,16,1,0,0,0,0,0,0,0,0,0,0,1.5,19,15,4,1,5,0,0
77,Michael Dogbe,16,1,0,0,0,0,0,0,0,1,0,0,1.0,27,14,13,1,2,0,0
78,Alton Robinson,16,2,0,0,0,0,1,1,0,0,0,0,1.0,22,13,9,5,3,0,0
79,Ryan Kerrigan,16,2,0,0,0,0,0,0,0,0,0,0,0.0,3,3,0,1,2,0,0
80,Adam Gotsis,16,4,0,0,0,0,0,0,0,0,0,0,3.0,27,20,7,6,7,0,0
81,Solomon Thomas,17,0,0,0,0,0,2,2,0,0,0,0,3.5,34,17,17,3,12,0,0
82,Alex Okafor,17,0,0,0,0,0,2,1,0,0,0,0,1.5,23,7,16,0,7,0,0
83,Arden Key,17,0,0,0,0,0,1,0,0,0,0,0,6.5,22,11,11,5,17,0,0
84,Tarron Jackson,17,0,0,0,0,0,0,1,0,0,0,0,1.0,18,11,7,2,1,0,0
85,Mario Addison,17,0,0,0,0,0,0,2,0,0,0,0,7.0,29,20,9,8,7,0,0
86,Tershawn Wharton,17,1,1,0,0,0,1,2,0,0,0,0,2.0,29,13,16,0,2,0,0
87,Jihad Ward,17,1,0,0,0,0,0,0,0,0,0,0,2.0,32,10,22,3,7,0,0
88,Kentavius Street,17,2,0,0,0,0,0,1,0,0,0,0,3.0,27,15,12,6,5,0,0
89,Anthony Nelson,17,2,0,0,0,0,1,0,0,1,0,0,5.0,22,13,9,7,10,0,0
90,Patrick Johnson,17,2,0,0,0,0,0,0,0,0,0,0,0.0,17,11,6,1,0,0,0
91,Carlos Dunlap,17,2,0,0,0,0,7,1,0,0,0,0,8.5,35,24,11,8,14,0,0
92,Michael Hoecht,17,3,0,0,0,0,0,0,0,0,0,0,0.0,7,6,1,0,0,0,0
93,Renell Wren,1,0,0,0,0,0,0,0,0,0,0,0,0.0,1,0,1,0,0,0,0
94,Marvin Wilson,1,0,0,0,0,0,0,0,0,0,0,0,0.0,3,1,2,0,0,0,0
95,Xavier Williams,1,0,0,0,0,0,0,0,0,0,0,0,0.0,1,0,1,0,0,0,0
96,Marquiss Spencer,1,0,0,0,0,0,0,0,0,0,0,0,0.0,1,0,1,0,0,0,0
97,Akeem Spence,1,0,0,0,0,0,0,0,0,0,0,0,0.0,1,0,1,0,0,0,0
98,T.J. Smith,1,0,0,0,0,0,0,0,0,0,0,0,0.0,3,1,2,0,0,0,0
99,Benning Potoa'e,1,0,0,0,0,0,0,0,0,0,0,0,0.0,1,0,1,0,0,0,0
100,Braxton Hoyett,1,0,0,0,0,0,0,0,0,0,0,0,0.0,4,2,2,1,0,0,0
101,Frank Herron,1,0,0,0,0,0,0,0,0,0,0,0,0.0,1,1,0,0,0,0,0
102,Austin Faoliu,1,0,0,0,0,0,0,0,0,0,0,0,0.0,2,2,0,0,0,0,0
103,Doug Costin,1,0,0,0,0,0,0,0,0,0,0,0,0.0,1,1,0,0,0,0,0
104,Raequan Williams,1,1,0,0,0,0,0,0,0,0,0,0,0.0,2,1,1,0,0,0,0
105,Vincent Taylor,1,1,0,0,0,0,0,0,0,0,0,0,0.0,2,1,1,0,0,0,0
106,Woodrow Hamilton,1,1,0,0,0,0,0,0,0,0,0,0,0.0,2,0,2,0,0,0,0
107,T.Y. McGill,2,0,0,0,0,0,1,0,0,0,0,0,0.0,1,0,1,0,1,0,0
108,Isaiah Mack,2,0,0,0,0,0,0,0,0,0,0,0,1.0,3,1,2,1,1,0,0
109,Maurice Hurst Jr.,2,0,0,0,0,0,0,0,0,0,0,0,0.0,2,2,0,1,0,0,0
110,Brandin Bryant,2,0,0,0,0,0,0,0,0,0,0,0,0.0,2,2,0,0,1,0,0
111,Andrew Brown,2,0,0,0,0,0,0,0,0,0,0,0,0.0,1,1,0,0,0,0,0
112,Daniel Archibong,2,0,0,0,0,0,0,0,0,0,0,0,0.0,2,0,2,0,0,0,0
113,Myles Adams,2,0,0,0,0,0,0,0,0,0,0,0,0.0,5,0,5,0,1,0,0
114,Mike Daniels,2,1,0,0,0,0,0,0,0,0,0,0,0.0,5,5,0,1,0,0,0
115,Tyler Shelvin,3,0,0,0,0,0,0,0,0,0,0,0,0.0,4,1,3,0,0,0,0
116,Phil Hoskins,3,0,0,0,0,0,0,0,0,0,0,0,1.0,4,3,1,1,1,0,0
117,Bruce Hector,3,0,0,0,0,0,0,0,0,0,0,0,0.0,5,3,2,0,0,0,0
118,Jonathan Harris,3,0,0,0,0,0,0,0,0,0,0,0,0.0,10,7,3,0,1,0,0
119,Michael Dwumfour,3,1,0,0,0,0,0,0,0,0,0,0,0.5,5,3,2,2,3,0,0
120,Jay Tufele,4,0,0,0,0,0,0,0,0,0,0,0,0.0,2,1,1,0,0,0,0
121,Forrest Merrill,4,0,0,0,0,0,0,0,0,0,0,0,0.0,4,2,2,0,0,0,0
122,Jonathan Marshall,4,0,0,0,0,0,0,0,0,0,0,0,0.0,2,1,1,0,1,0,0
123,Jack Heflin,4,0,0,0,0,0,0,0,0,0,0,0,0.0,1,0,1,0,0,0,0
124,Trent Harris,4,0,0,0,0,0,0,0,0,0,0,0,0.0,7,3,4,0,0,0,0
125,Carlos Davis,4,0,0,0,0,0,0,0,0,0,0,0,0.0,5,3,2,1,0,0,0
126,David Moa,4,1,0,0,0,0,0,0,0,0,0,0,0.0,3,1,2,0,0,0,0
127,Javon Kinlaw,4,4,0,0,0,0,0,0,0,0,0,0,0.0,8,1,7,0,1,0,0
128,Marlon Tuipulotu,5,0,0,0,0,0,0,0,0,0,0,0,0.0,5,1,4,0,0,0,0
129,Kahlil McKenzie,5,0,0,0,0,0,0,0,0,0,0,0,0.0,4,1,3,0,0,0,0
130,Neville Gallimore,5,4,0,0,0,0,0,0,0,0,0,0,1.5,13,5,8,3,2,0,0
131,Justin Zimmer,6,0,0,0,0,0,0,0,0,0,0,0,1.0,8,2,6,2,4,0,0
132,Jacob Tuioti-Mariner,6,0,0,0,0,0,1,0,0,0,0,0,2.0,9,5,4,2,2,0,0
133,Tommy Togiai,6,0,0,0,0,0,1,0,0,0,0,0,0.5,16,9,7,0,1,0,0
134,Kevin Strong,6,0,0,0,0,0,0,0,0,0,0,0,0.0,6,4,2,0,0,0,0
135,Trysten Hill,6,0,0,0,0,0,0,0,0,0,0,0,0.5,11,7,4,0,3,0,0
136,Daniel Wise,6,1,0,0,0,0,0,0,0,0,0,0,0.0,10,5,5,1,1,0,0
137,Eli Ankou,6,1,0,0,0,0,0,0,0,0,0,0,1.0,12,5,7,1,1,0,0
138,Antwaun Woods,7,0,0,0,0,0,0,0,0,0,0,0,0.0,5,2,3,0,0,0,0
139,Khalen Saunders,7,0,0,0,0,0,0,0,0,0,0,0,0.0,8,2,6,0,0,0,0
140,Daviyon Nixon,7,0,0,0,0,0,0,0,0,0,0,0,0.5,9,1,8,0,2,0,0
141,Zach Kerr,7,0,0,0,0,0,0,0,0,0,0,0,0.0,6,2,4,0,0,0,0
142,Daniel Ekuale,7,0,0,0,0,0,0,0,0,0,0,0,2.0,5,4,1,2,2,0,0
143,Josiah Bronson,7,0,0,0,0,0,0,0,0,0,0,0,0.0,12,8,4,1,1,0,0
144,McTelvin Agim,7,0,0,0,0,0,1,0,0,0,0,0,1.5,4,2,2,1,3,0,0
145,Sheldon Day,7,1,0,0,0,0,2,0,0,0,0,0,1.0,21,7,14,0,1,0,0
146,Malcolm Roach,7,2,1,5,0,5,1,0,0,0,0,0,0.0,10,4,6,0,2,0,0
147,John Jenkins,7,2,0,0,0,0,0,0,0,0,0,0,0.0,16,10,6,0,0,0,0
148,Chris Williams,8,0,0,0,0,0,0,0,0,0,0,0,0.0,4,2,2,0,0,0,0
149,Sam Kamara,8,0,0,0,0,0,1,0,0,0,0,0,0.0,10,7,3,1,0,0,0
150,Breiden Fehoko,8,1,0,0,0,0,0,0,0,0,0,0,0.0,13,5,8,0,0,0,0
151,Kyle Peko,8,3,0,0,0,0,0,1,0,0,0,0,2.0,10,7,3,2,3,0,0
152,Robert Nkemdiche,9,0,0,0,0,0,1,0,0,0,0,0,0.0,15,7,8,0,1,0,0
153,Justin Hamilton,9,0,0,0,0,0,0,0,0,0,0,0,0.0,10,6,4,1,2,0,0
154,Marquise Copeland,9,0,0,0,0,0,0,0,0,0,0,0,0.0,10,4,6,1,0,0,0
155,Albert Huggins,9,1,0,0,0,0,0,0,0,0,0,0,0.0,16,3,13,0,2,0,0
156,Mike Pennel,10,0,0,0,0,0,0,0,0,0,0,0,0.0,21,9,12,0,0,0,0
157,Bobby Brown,10,0,0,0,0,0,0,0,0,0,0,0,0.0,1,0,1,0,0,0,0
158,Vernon Butler,10,1,0,0,0,0,0,0,0,0,0,0,0.0,11,6,5,0,1,0,0
159,Montravius Adams,10,5,0,0,0,0,2,0,0,0,0,0,0.0,15,7,8,2,3,0,0
160,Darius Philon,11,2,0,0,0,0,2,0,0,2,2,0,2.0,27,19,8,5,2,0,0
161,Isaac Rochell,12,0,0,0,0,0,0,0,0,0,0,0,0.0,17,10,7,0,3,0,0
162,Steve McLendon,12,0,1,0,0,0,1,1,0,0,0,0,0.5,11,7,4,1,5,0,0
163,Jaleel Johnson,12,0,0,0,0,0,0,0,0,1,0,0,0.0,23,11,12,2,1,0,0
164,Kevin Givens,13,0,0,0,0,0,0,1,0,0,0,0,0.0,17,7,10,1,2,0,0
165,James Lynch,13,1,0,0,0,0,0,0,0,1,0,0,1.0,30,18,12,2,1,0,0
166,Quinton Bohanna,14,1,0,0,0,0,0,0,0,0,0,0,0.0,10,3,7,0,0,0,0
167,Broderick Washington Jr.,14,2,0,0,0,0,0,0,0,0,0,0,1.0,16,8,8,2,3,0,0
168,Ross Blacklock,14,2,0,0,0,0,2,1,0,0,0,0,2.0,22,14,8,2,6,0,0
169,Taven Bryan,15,0,0,0,0,0,0,0,0,0,0,0,2.0,15,10,5,4,8,0,0
170,Khyiris Tonga,15,2,0,0,0,0,0,0,0,1,0,0,0.0,24,10,14,1,0,0,0
171,Henry Mondeaux,15,2,0,0,0,0,0,0,0,1,0,0,2.0,16,6,10,2,2,0,0
172,Isaiahh Loudermilk,15,2,0,0,0,0,3,0,0,0,0,0,1.0,23,16,7,0,0,0,0
173,Tim Settle,16,0,0,0,0,0,0,0,0,1,-7,0,0.0,13,7,6,4,0,0,0
174,John Penisini,16,0,0,0,0,0,1,0,0,0,0,0,0.0,14,4,10,0,1,0,0
175,Levi Onwuzurike,16,0,0,0,0,0,2,0,0,0,0,0,1.0,35,15,20,2,1,0,0
176,Taylor Stallworth,16,1,0,0,0,0,1,0,0,0,0,0,3.0,16,11,5,4,12,0,0
177,B.J. Hill,16,2,0,0,0,0,0,0,0,0,0,0,5.5,50,29,21,6,12,0,0
178,Sheldon Rankins,16,3,0,0,0,0,0,0,0,2,0,0,3.0,32,15,17,5,7,0,0
179,Tyler Lancaster,16,3,0,0,0,0,0,0,0,0,0,0,0.0,31,15,16,3,0,0,0
180,Jordan Elliott,16,3,0,0,0,0,1,0,0,0,0,0,0.5,26,10,16,0,4,0,0
181,Christian Covington,16,3,0,0,0,0,0,1,0,0,0,0,1.0,52,30,22,3,1,0,0
182,Matthew Ioannidis,16,6,0,0,0,0,0,0,0,0,0,0,2.5,38,16,22,3,11,0,0
183,Shamar Stephen,17,0,0,0,0,0,2,0,0,0,0,0,0.0,34,12,22,0,3,0,0
184,Tedarrell Slaton,17,0,0,0,0,0,0,0,0,0,0,0,1.0,23,14,9,0,2,0,0
185,Nathan Shepherd,17,1,0,0,0,0,0,0,0,0,0,0,0.0,28,17,11,0,8,0,0
186,Hassan Ridgeway,17,1,0,0,0,0,0,1,0,0,0,0,2.0,20,10,10,1,5,0,0
187,Adam Butler,17,1,0,0,0,0,3,0,0,0,0,0,2.0,17,9,8,2,5,0,0
188,Milton Williams,17,2,0,0,0,0,2,0,0,0,0,0,2.0,30,15,15,6,6,0,0
189,Bravvion Roy,17,2,0,0,0,0,2,0,0,0,0,0,0.0,30,13,17,1,2,0,0
190,Christian Barmore,17,2,0,0,0,0,2,0,0,0,0,0,1.5,46,23,23,3,9,0,0
191,Leki Fotu,17,3,0,0,0,0,3,1,0,0,0,0,0.0,19,8,11,2,0,0,0
192,Carl Davis,17,4,0,0,0,0,0,0,0,0,0,0,1.0,19,12,7,1,1,0,0
193,Josh Tupou,17,9,0,0,0,0,0,0,0,0,0,0,0.0,12,3,9,0,1,0,0
194,Jeffery Simmons,17,17,0,0,0,0,6,0,0,0,0,0,8.5,54,42,12,12,16,0,1
195,Cameron Heyward,17,17,1,0,0,0,9,1,0,1,0,0,10.0,89,53,36,15,17,0,1
196,Jalyn Holmes,1,0,0,0,0,0,0,0,0,0,0,0,0.0,3,1,2,0,0,0,0
197,William Bradley-King,1,0,0,0,0,0,0,0,0,0,0,0,0.0,2,1,1,0,0,0,0
198,Eric Banks,1,0,0,0,0,0,0,0,0,0,0,0,0.0,1,0,1,0,0,0,0
199,Benning Potoa'e,2,0,0,0,0,0,0,0,0,0,0,0,0.0,4,2,2,1,0,0,0
200,David Bada,2,0,0,0,0,0,0,0,0,0,0,0,0.0,2,0,2,0,0,0,0
201,Kemoko Turay,3,0,0,0,0,0,0,0,0,0,0,0,0.0,1,1,0,0,0,0,0
202,Demone Harris,3,0,0,0,0,0,1,0,0,0,0,0,0.0,4,0,4,0,1,0,0
203,Kameron Cline,3,0,0,0,0,0,0,0,0,0,0,0,0.0,1,1,0,0,0,0,0
204,Chase Young,3,2,0,0,0,0,1,0,0,0,0,0,0.0,5,3,2,0,1,0,0
205,Takkarist McKinley,4,0,0,0,0,0,0,0,0,0,0,0,0.0,1,0,1,0,0,0,0
206,Khalid Kareem,4,0,0,0,0,0,0,0,0,0,0,0,0.0,1,0,1,0,3,0,0
207,Darryl Johnson,4,1,0,0,0,0,0,0,0,0,0,0,0.0,4,2,2,1,0,0,0
208,Esezi Otomewo,5,0,0,0,0,0,0,0,0,0,0,0,0.0,5,3,2,1,0,0,0
209,Romeo Okwara,5,0,0,0,0,0,0,0,0,0,0,0,2.0,8,3,5,2,2,0,0
210,Joe Gaziano,5,0,0,0,0,0,0,0,0,0,0,0,1.0,8,6,2,1,1,0,0
211,Taco Charlton,5,0,0,0,0,0,0,0,0,0,0,0,0.0,3,1,2,0,0,0,0
212,Earnest Brown IV,5,3,0,0,0,0,0,0,0,0,0,0,0.0,9,3,6,1,0,0,0
213,Kingsley Jonathan,6,0,0,0,0,0,0,0,0,0,0,0,0.0,5,2,3,1,0,0,0
214,Matt Dickerson,6,0,0,0,0,0,0,0,0,0,0,0,0.0,12,3,9,1,1,0,0
215,Tashawn Bower,6,0,0,0,0,0,0,0,0,0,0,0,0.0,1,0,1,0,0,0,0
216,Isaac Rochell,6,1,0,0,0,0,0,0,0,0,0,0,0.0,12,11,1,1,2,0,0
217,Randy Gregory,6,3,0,0,0,0,0,2,0,0,0,0,2.0,12,7,5,2,7,0,0
218,Charles Harris,6,4,0,0,0,0,1,1,0,0,0,0,1.0,14,10,4,2,4,0,0
219,Malik Herring,7,0,0,0,0,0,0,0,0,1,0,0,0.0,6,1,5,0,0,0,0
220,Tyquan Lewis,7,4,0,0,0,0,2,1,0,0,0,0,1.0,14,8,6,2,4,0,0
221,Payton Turner,8,0,0,0,0,0,0,0,0,0,0,0,2.0,16,11,5,5,3,0,0
222,Larrell Murchison,8,0,0,0,0,0,0,0,0,0,0,0,2.0,8,6,2,2,2,0,0
223,L.J. Collier,8,0,0,0,0,0,2,0,0,0,0,0,0.0,7,3,4,1,1,0,0
224,Chase Winovich,8,2,0,0,0,0,1,0,0,0,0,0,1.0,20,14,6,1,3,0,0
225,Jonathan Greenard,8,4,1,39,1,39,1,0,0,1,0,0,1.5,16,9,7,6,4,0,0
226,Nick Williams,8,7,0,0,0,0,2,0,0,0,0,0,0.0,15,5,10,0,2,0,0
227,Jordan Willis,9,0,0,0,0,0,0,1,0,1,0,0,2.0,12,6,6,3,4,0,0
228,Austin Bryant,9,0,0,0,0,0,1,0,0,0,0,0,0.0,9,7,2,1,3,0,0
229,Amare Barno,9,0,0,0,0,0,0,0,0,0,0,0,2.0,9,8,1,2,2,0,0
230,Emmanuel Ogbah,9,3,0,0,0,0,0,0,0,0,0,0,1.0,11,7,4,1,7,0,0
231,Isaiah Thomas,10,0,0,0,0,0,2,0,0,1,0,0,1.0,9,4,5,1,2,0,0
232,Jeff Gunter,10,0,0,0,0,0,0,0,0,0,0,0,0.0,1,0,1,0,0,0,0
233,Thomas Booker,10,1,0,0,0,0,1,0,0,0,0,0,0.5,15,11,4,1,1,0,0
234,Vinny Curry,11,0,0,0,0,0,0,0,0,0,0,0,0.0,15,9,6,2,1,0,0
235,Henry Anderson,11,0,0,0,0,0,0,0,0,0,0,0,0.0,18,9,9,3,1,0,0
236,Daniel Wise,11,1,0,0,0,0,0,0,0,0,0,0,0.0,1,0,1,0,0,0,0
237,DeMarvin Leal,11,2,0,0,0,0,3,0,0,0,0,0,0.0,14,8,6,1,0,0,0
238,Mario Addison,12,1,0,0,0,0,1,1,0,0,0,0,1.0,15,6,9,1,2,0,0
239,Carlos Watkins,12,4,0,0,0,0,0,1,0,0,0,0,0.0,26,13,13,2,0,0,0
240,Jacob Martin,13,0,0,0,0,0,0,1,0,0,0,0,2.5,14,7,7,2,5,0,0
241,Olakunle Fatukasi,13,0,0,0,0,0,0,0,0,0,0,0,0.0,6,4,2,0,0,0,0
242,Michael Danna,13,0,0,0,0,0,0,2,0,0,0,0,5.0,27,9,18,3,10,0,0
243,Chris Wormley,13,1,0,0,0,0,0,1,0,1,0,0,0.5,29,13,16,3,1,0,0
244,Carl Nassib,13,1,0,0,0,0,3,0,0,1,0,0,3.5,23,15,8,6,6,0,0
245,Michael Dogbe,13,4,0,0,0,0,0,0,0,0,0,0,0.0,28,14,14,1,0,0,0
246,Ifeadi Odenigbo,14,0,0,0,0,0,0,0,0,0,0,0,3.5,18,9,9,4,6,0,0
247,Jermaine Johnson II,14,0,0,0,0,0,0,0,0,0,0,0,2.5,29,18,11,3,5,1,0
248,Bryce Huff,14,0,0,0,0,0,1,1,0,0,0,0,3.5,6,4,2,2,10,0,0
249,Jonathan Garvin,14,0,0,0,0,0,2,0,0,0,0,0,0.0,8,0,8,0,2,0,0
250,Jonathan Ledbetter,14,3,0,0,0,0,0,0,0,0,0,0,1.0,22,10,12,2,2,0,0
251,Calais Campbell,14,14,0,0,0,0,2,2,0,0,0,0,5.5,36,18,18,4,14,0,0
252,Sam Williams,15,0,0,0,0,0,1,1,0,3,0,0,4.0,22,15,7,10,9,0,1
253,Dawuane Smoot,15,0,0,0,0,0,2,1,0,1,0,0,5.0,21,14,7,6,12,0,0
254,Drake Jackson,15,0,1,0,0,0,8,0,0,0,0,0,3.0,14,8,6,3,6,0,0
255,Boogie Basham,15,0,1,21,0,21,2,0,0,1,1,0,2.0,19,9,10,1,5,0,0
256,Adam Gotsis,15,1,0,0,0,0,2,0,0,1,0,0,1.5,19,10,9,3,9,0,0
257,A.J. Epenesa,15,2,0,0,0,0,5,2,0,1,0,0,6.5,16,13,3,7,10,0,0
258,Jerry Tillery,15,4,0,0,0,0,0,1,0,0,0,0,1.0,18,13,5,0,4,0,0
259,Tanoh Kpassagnon,15,5,0,0,0,0,0,0,0,0,0,0,2.0,28,15,13,3,6,0,0
260,Brent Urban,16,0,0,0,0,0,3,0,0,0,0,0,1.0,21,10,11,2,1,0,0
261,Casey Toohill,16,0,0,0,0,0,0,0,0,2,1,1,1.0,25,13,12,2,6,0,0
262,Shaka Toney,16,0,0,0,0,0,0,0,0,0,0,0,0.0,8,4,4,1,0,0,0
263,Joseph Ossai,16,0,0,0,0,0,1,0,0,2,0,1,3.5,17,6,11,2,10,0,0
264,DaMarcus Mitchell,16,0,0,0,0,0,0,0,0,0,0,0,0.0,8,3,5,0,0,0,0
265,Patrick Johnson,16,0,0,0,0,0,0,1,0,1,0,0,0.0,11,7,4,0,3,0,0
266,Micheal Clemons,16,0,0,0,0,0,0,0,0,0,0,0,2.5,36,22,14,4,6,0,0
267,Cameron Sample,16,1,0,0,0,0,0,0,0,0,0,0,2.0,25,17,8,4,7,0,0
268,Kerry Hyder,16,1,0,0,0,0,3,0,0,1,0,0,1.0,19,10,9,1,4,0,0
269,Carl Granderson,16,4,0,0,0,0,0,1,0,1,0,0,5.5,53,30,23,9,9,0,0
270,Clelin Ferrell,16,4,0,0,0,0,2,0,0,0,0,0,2.0,26,8,18,3,8,0,0
271,Solomon Thomas,17,0,0,0,0,0,0,0,0,0,0,0,0.5,26,13,13,2,4,0,0
272,Pat O'Connor,17,0,0,0,0,0,0,0,0,0,0,0,0.0,6,3,3,1,1,0,0
273,Matt Henningsen,17,0,0,0,0,0,0,0,0,0,0,0,1.0,21,8,13,2,1,0,0
274,Logan Hall,17,0,0,0,0,0,0,0,0,0,0,0,2.5,12,7,5,5,6,0,0
275,Dante Fowler,17,0,0,0,0,0,2,2,0,0,0,0,6.0,27,22,5,7,9,0,0
276,Efe Obada,17,1,0,0,0,0,2,0,0,0,0,0,4.0,24,14,10,4,8,0,0
277,Brandon Graham,17,1,0,0,0,0,1,2,0,0,0,0,11.0,35,19,16,11,16,0,1
278,Carlos Dunlap,17,2,0,0,0,0,8,1,0,0,0,0,4.0,39,25,14,6,12,0,0
279,Charles Omenihu,17,3,0,0,0,0,1,1,0,0,0,0,4.5,20,7,13,3,16,0,0
280,Arden Key,17,3,0,0,0,0,2,0,0,1,0,0,4.5,27,16,11,5,15,0,0
281,Dayo Odeyingbo,17,4,0,0,0,0,0,0,0,0,0,0,5.0,31,18,13,5,11,0,0
282,Alex Wright,17,5,0,0,0,0,5,0,0,1,0,0,0.0,28,13,15,2,0,0,0
283,Timmy Horne,17,5,0,0,0,0,1,0,0,0,0,0,0.0,27,13,14,0,1,0,0
284,DeMarcus Walker,17,6,0,0,0,0,0,0,0,0,0,0,7.0,32,23,9,10,16,0,0
285,Denico Autry,12,8,0,0,0,0,4,2,0,0,0,0,8.0,27,17,10,8,19,0,0
286,Mario Edwards,13,7,0,0,0,0,1,0,0,0,0,0,3.0,17,11,6,4,11,0,0
287,Marquise Copeland,15,9,0,0,0,0,0,0,0,0,0,0,1.0,31,16,15,2,2,0,0
288,Jabari Zuniga,1,0,0,0,0,0,0,0,0,0,0,0,0.0,2,2,0,0,0,0,0
289,Marvin Wilson,1,0,0,0,0,0,0,0,0,0,0,0,0.0,4,2,2,0,0,0,0
290,T.J. Smith,1,0,0,0,0,0,0,0,0,0,0,0,0.0,4,1,3,1,0,0,0
291,Rayshad Nichols,1,0,0,0,0,0,0,0,0,0,0,0,0.0,4,1,3,0,0,0,0
292,Donovan Jeter,1,0,0,0,0,0,0,0,0,0,0,0,0.0,1,1,0,0,0,0,0
293,Vernon Butler,1,0,0,0,0,0,0,0,0,0,0,0,0.0,4,2,2,0,0,0,0
294,Christian Ringo,2,0,0,0,0,0,0,0,0,0,0,0,0.0,1,0,1,0,0,0,0
295,Roderick Perry,2,0,0,0,0,0,0,0,0,0,0,0,0.0,2,1,1,0,0,0,0
296,David Moa,2,0,0,0,0,0,0,0,0,0,0,0,0.0,2,2,0,0,0,0,0
297,Elijah Garcia,2,0,0,0,0,0,0,0,0,0,0,0,0.0,1,1,0,0,0,0,0
298,Prince Emili,2,0,0,0,0,0,1,0,0,0,0,0,0.0,3,0,3,0,0,0,0
299,Domenique Davis,2,0,0,0,0,0,0,0,0,0,0,0,0.0,3,0,3,0,0,0,0
300,C.J. Brewer,2,0,0,0,0,0,0,0,0,0,0,0,0.0,2,2,0,0,0,0,0
301,Tanzel Smart,3,0,0,0,0,0,0,0,0,0,0,0,0.0,5,2,3,0,0,0,0
302,Manny Jones,4,0,0,0,0,0,0,0,0,0,0,0,0.0,6,2,4,0,0,0,0
303,Christian Covington,4,0,0,0,0,0,0,0,0,0,0,0,0.0,12,3,9,1,0,0,0
304,Brandin Bryant,4,0,0,0,0,0,0,0,0,0,0,0,0.0,3,2,1,0,0,0,0
305,Chris Williams,5,0,0,0,0,0,0,0,0,0,0,0,0.0,2,1,1,0,1,0,0
306,Brandon Williams,5,0,0,0,0,0,0,0,0,0,0,0,0.5,2,1,1,1,2,0,0
307,Tershawn Wharton,5,0,0,0,0,0,0,0,0,0,0,0,1.0,8,4,4,1,4,0,0
308,Sam Roberts,5,0,0,0,0,0,0,0,0,0,0,0,0.0,2,1,1,0,0,0,0
309,Phil Hoskins,5,0,0,0,0,0,0,0,0,0,0,0,0.0,2,1,1,0,0,0,0
310,D.J. Davidson,5,0,0,0,0,0,0,0,0,0,0,0,0.0,4,2,2,0,0,0,0
311,Andrew Brown,5,0,0,0,0,0,0,0,0,0,0,0,0.0,1,1,0,0,0,0,0
312,Sam Okuayinonu,6,0,0,0,0,0,0,0,0,0,0,0,0.5,11,3,8,0,1,0,0
313,Tyeler Davison,6,0,0,0,0,0,0,0,0,0,0,0,0.0,1,1,0,0,0,0,0
314,Matthew Butler,6,0,0,0,0,0,0,0,0,0,0,0,0.5,5,1,4,0,1,0,0
315,Taylor Stallworth,7,0,0,0,0,0,0,0,0,0,0,0,0.0,8,3,5,1,0,0,0
316,Akeem Spence,7,0,0,0,0,0,0,0,0,0,0,0,0.0,10,4,6,0,0,0,0
317,Daviyon Nixon,7,0,0,0,0,0,0,0,0,0,0,0,0.0,6,3,3,0,0,0,0
318,Jalen Dalton,7,0,0,0,0,0,0,0,0,0,0,0,0.0,13,8,5,1,0,0,0
319,Ben Stille,7,1,0,0,0,0,0,0,0,0,0,0,0.0,5,0,5,0,1,0,0
320,Otito Ogbonnia,7,1,0,0,0,0,0,0,0,0,0,0,0.0,14,13,1,1,0,0,0
321,Jay Tufele,7,2,0,0,0,0,0,0,0,0,0,0,0.0,16,6,10,2,2,0,0
322,Ryder Anderson,7,2,0,0,0,0,0,0,0,0,0,0,2.0,8,4,4,2,2,0,0
323,Kendal Vickers,8,0,0,0,0,0,0,0,0,0,0,0,0.0,10,4,6,0,0,0,0
324,Eyioma Uwazurike,8,0,0,0,0,0,1,0,0,0,0,0,0.0,17,11,6,0,2,0,0
325,Ndamukong Suh,8,0,0,0,0,0,0,0,0,0,0,0,1.0,10,4,6,0,2,0,0
326,Kyle Peko,8,0,0,0,0,0,1,0,0,0,0,0,0.0,11,5,6,0,0,0,0
327,Jonathan Harris,8,4,0,0,0,0,0,0,0,0,0,0,0.0,20,13,7,2,1,0,0
328,T.Y. McGill,9,0,0,0,0,0,0,0,0,0,0,0,0.0,8,5,3,2,2,0,0
329,Neil Farrell,9,0,0,0,0,0,0,0,0,0,0,0,0.0,12,3,9,1,2,0,0
330,Michael Dwumfour,9,0,0,0,0,0,0,0,0,1,0,0,0.0,8,7,1,0,3,0,0
331,Marlon Tuipulotu,9,1,0,0,0,0,0,0,0,1,0,0,1.0,16,8,8,1,2,0,0
332,Jaleel Johnson,9,1,0,0,0,0,0,0,0,1,0,0,1.0,15,11,4,0,2,0,0
333,Bobby Brown,9,1,0,0,0,0,0,0,0,0,0,0,0.0,8,5,3,1,0,0,0
334,Breiden Fehoko,9,3,0,0,0,0,0,0,0,0,0,0,0.0,23,10,13,1,0,0,0
335,Myles Adams,10,0,0,0,0,0,1,0,0,0,0,0,0.0,16,6,10,1,1,0,0
336,Johnathan Hankins,10,4,0,0,0,0,1,0,0,0,0,0,0.0,20,7,13,1,1,0,0
337,Christian Barmore,10,3,0,0,0,0,1,0,0,0,0,0,2.5,23,12,11,2,7,0,0
338,Josh Paschal,10,4,0,0,0,0,0,0,0,0,0,0,2.0,16,10,6,2,4,0,0
339,Ross Blacklock,11,0,0,0,0,0,0,0,0,0,0,0,1.0,2,2,0,2,1,0,0
340,Naquan Jones,11,1,0,0,0,0,0,0,0,0,0,0,1.0,16,6,10,2,2,0,0
341,Khyiris Tonga,11,2,0,0,0,0,4,0,0,0,0,0,0.5,28,12,16,1,2,0,0
342,Isaiahh Loudermilk,11,3,0,0,0,0,0,0,0,0,0,0,0.0,7,4,3,1,0,0,0
343,Henry Mondeaux,11,4,0,0,0,0,0,0,0,0,0,0,0.0,16,5,11,1,0,0,0
344,Aaron Donald,11,11,0,0,0,0,2,1,0,1,0,0,5.0,49,27,22,10,11,0,1
345,Deadrin Senat,12,0,0,0,0,0,0,0,0,0,0,0,1.0,17,10,7,2,2,0,0
346,Jordan Phillips,12,1,0,0,0,0,2,0,0,0,0,0,1.5,20,9,11,3,6,0,0
347,Tommy Togiai,12,2,0,0,0,0,1,0,0,1,0,0,0.5,13,3,10,0,2,0,0
348,Perrion Winfrey,13,0,0,0,0,0,2,0,0,0,0,0,0.5,22,8,14,1,2,0,0
349,Trysten Hill,13,0,0,0,0,0,0,0,0,0,0,0,1.0,12,10,2,5,5,0,0
350,Malcolm Roach,13,3,0,0,0,0,0,0,0,0,0,0,1.0,26,14,12,2,2,0,0
351,Bryan Mone,13,3,0,0,0,0,1,0,0,0,0,0,0.0,25,15,10,2,1,0,0
352,Bravvion Roy,13,4,1,3,0,3,3,0,0,0,0,0,0.0,17,4,13,0,1,0,0
353,Jordan Davis,13,5,0,0,0,0,1,0,0,0,0,0,0.0,18,8,10,1,0,0,0
354,Zach Allen,13,13,0,0,0,0,8,0,0,0,0,0,5.5,47,23,24,10,20,0,0
355,Eric Johnson,14,0,0,0,0,0,0,0,0,1,0,0,0.0,3,1,2,0,0,0,0
356,Daniel Ekuale,15,0,0,0,0,0,1,0,0,0,0,0,2.0,14,10,4,2,3,0,0
357,Tim Settle,15,2,0,0,0,0,1,1,0,1,0,0,1.0,19,11,8,4,2,0,0
358,James Lynch,15,2,0,0,0,0,0,0,0,0,0,0,0.0,20,11,9,1,0,0,0
359,Travis Jones,15,3,0,0,0,0,1,0,0,0,0,0,1.0,24,14,10,1,2,0,0
360,Kurt Hinish,15,3,0,0,0,0,0,0,0,0,0,0,1.0,23,11,12,6,2,0,0
361,John Ridgeway,15,4,0,0,0,0,1,1,0,0,0,0,0.0,24,9,15,0,0,0,0
362,Angelo Blackson,15,4,0,0,0,0,1,0,0,0,0,0,0.0,22,10,12,1,1,0,0
363,Jeffery Simmons,15,15,0,0,0,0,7,1,0,0,0,0,7.5,54,25,29,9,14,0,1
364,Devonte Wyatt,16,0,0,0,0,0,1,1,0,0,0,0,1.5,15,8,7,0,3,0,0
365,Khalen Saunders,16,0,0,0,0,0,1,0,0,0,0,0,3.5,48,22,26,3,8,0,0
366,Marquan McCall,16,0,0,0,0,0,0,0,0,0,0,0,0.0,15,7,8,2,1,0,0
367,John Jenkins,16,0,0,0,0,0,0,0,0,0,0,0,0.0,20,8,12,0,1,0,0
368,Kevin Strong,16,1,0,0,0,0,2,0,0,0,0,0,0.0,23,14,9,0,0,0,0
369,Neville Gallimore,16,1,0,0,0,0,1,0,0,0,0,0,1.0,33,16,17,2,1,0,0
370,Carl Davis,16,2,0,0,0,0,0,0,0,1,17,0,1.0,11,3,8,1,1,0,0
371,Jonah Williams,16,6,0,0,0,0,0,0,0,0,0,0,0.5,23,11,12,0,4,0,0
372,Milton Williams,17,0,0,0,0,0,2,0,0,0,0,0,4.0,36,19,17,9,6,0,0
373,Kentavius Street,17,0,0,0,0,0,1,0,0,0,0,0,3.5,29,13,16,5,8,0,0
374,Benito Jones,17,0,0,0,0,0,2,0,0,0,0,0,1.5,16,8,8,0,4,0,0
375,Byron Cowart,17,0,0,0,0,0,0,0,0,0,0,0,0.0,12,4,8,2,0,0,0
376,Tedarrell Slaton,17,2,0,0,0,0,2,0,0,0,0,0,0.0,31,15,16,2,0,0,0
377,Mike Pennel,17,2,0,0,0,0,2,1,0,1,0,0,0.0,26,16,10,2,2,0,0
378,Nathan Shepherd,17,3,0,0,0,0,0,0,0,0,0,0,1.5,33,16,17,4,6,0,0
379,Quinton Jefferson,17,3,0,0,0,0,2,0,0,0,0,0,5.5,29,17,12,6,13,0,0
380,Justin Ellis,17,4,0,0,0,0,0,0,0,0,0,0,1.0,22,5,17,2,1,0,0
381,Nnamdi Madubuike,17,16,0,0,0,0,3,0,0,0,0,0,5.5,42,26,16,8,9,0,0
382,DeForest Buckner,17,16,0,0,0,0,3,2,0,1,0,0,8.0,74,44,30,11,22,0,0
383,Cameron Heyward,17,17,0,0,0,0,4,1,0,1,0,0,10.5,74,39,35,14,23,0,1
384,Michael Hoecht,17,6,0,0,0,0,0,1,0,0,0,0,4.5,36,23,13,4,9,0,0
385,BJ Thompson,1,0,0,0,0,0,0,0,0,0,0,0,0.0,2,2,0,0,0,0,0
386,Jason Pierre-Paul,1,0,0,0,0,0,0,0,0,0,0,0,0.0,2,1,1,0,0,0,0
387,Mike Morris,1,0,0,0,0,0,0,0,0,0,0,0,0.0,3,2,1,0,0,0,0
388,Michael Dogbe,1,0,0,0,0,0,0,0,0,0,0,0,0.0,1,0,1,0,0,0,0
389,Kendal Vickers,2,0,0,0,0,0,0,0,0,0,0,0,0.0,2,1,1,0,0,0,0
390,Payton Turner,2,0,0,0,0,0,0,0,0,1,0,0,0.0,1,0,1,0,2,0,0
391,Sam Kamara,2,0,0,0,0,0,0,0,0,0,0,0,0.0,7,4,3,1,0,0,0
392,Eric Banks,2,0,0,0,0,0,0,0,0,0,0,0,0.0,2,2,0,0,0,0,0
393,Chase Winovich,3,0,0,0,0,0,0,0,0,0,0,0,0.0,2,1,1,0,0,0,0
394,Isaiah McGuire,4,1,0,0,0,0,0,0,0,0,0,0,1.0,6,5,1,2,2,0,0
395,Chris Wormley,5,0,0,0,0,0,0,0,0,0,0,0,0.0,4,1,3,0,0,0,0
396,Kyle Phillips,5,0,0,0,0,0,0,0,0,0,0,0,0.0,3,1,2,0,0,0,0
397,Efe Obada,5,0,0,0,0,0,0,0,0,0,0,0,0.0,2,1,1,0,0,0,0
398,Jalen Harris,5,0,0,0,0,0,1,0,0,0,0,0,0.0,6,5,1,0,1,0,0
399,Carl Lawson,6,0,0,0,0,0,0,0,0,0,0,0,0.0,5,2,3,0,0,0,0
400,Kerry Hyder,6,0,0,0,0,0,0,0,0,0,0,0,1.0,3,3,0,2,1,0,0
401,Janarius Robinson,6,2,0,0,0,0,0,0,0,0,0,0,1.0,8,5,3,1,2,0,0
402,Myjai Sanders,7,0,0,0,0,0,0,0,0,0,0,0,0.0,7,4,3,1,2,0,0
403,Joshua Pryor,7,0,0,0,0,0,0,0,0,0,0,0,0.0,1,1,0,0,0,0,0
404,Earnest Brown IV,7,0,0,0,0,0,0,0,0,0,0,0,0.0,5,2,3,0,0,0,0
405,Malik Herring,7,1,0,0,0,0,1,1,0,0,0,0,1.5,10,7,3,2,3,0,0
406,TK McLendon,7,2,0,0,0,0,0,0,0,1,0,0,0.0,8,3,5,0,0,0,0
407,Frank Clark,8,0,0,0,0,0,0,0,0,0,0,0,0.0,8,4,4,0,0,0,0
408,Isaac Rochell,8,1,0,0,0,0,0,0,0,0,0,0,0.0,10,7,3,2,0,0,0
409,Dylan Horton,10,0,0,0,0,0,0,0,0,1,0,0,0.0,13,8,5,1,2,0,0
410,Isaiah Foskey,10,0,0,0,0,0,1,0,0,0,0,0,0.0,9,5,4,0,0,0,0
411,Adetomiwa Adebawore,10,0,0,0,0,0,0,0,0,0,0,0,1.5,5,4,1,1,4,0,0
412,K.J. Henry,10,3,0,0,0,0,2,0,0,0,0,0,1.5,19,14,5,4,2,0,0
413,Desjuan Johnson,11,0,0,0,0,0,0,1,0,0,0,0,2.0,9,5,4,2,2,0,0
414,Charles Omenihu,11,1,0,0,0,0,2,2,0,0,0,0,7.0,28,18,10,5,11,0,0
415,Tyrus Wheat,12,0,0,0,0,0,0,0,0,0,0,0,0.0,3,2,1,0,0,0,0
416,DeMarvin Leal,12,4,0,0,0,0,1,0,0,0,0,0,1.0,15,10,5,2,2,0,0
417,Yetur Gross-Matos,12,6,0,0,0,0,0,0,0,0,0,0,4.5,36,19,17,7,10,0,0
418,Kingsley Jonathan,13,0,0,0,0,0,0,0,0,0,0,0,0.0,5,3,2,0,2,0,0
419,James Smith-Williams,13,7,0,0,0,0,0,0,0,0,0,0,1.0,22,11,11,2,8,0,0
420,Joseph Ossai,14,0,0,0,0,0,1,0,0,0,0,0,1.0,10,6,4,1,7,0,0
421,Ogbonnia Okoronkwo,14,0,0,0,0,0,1,0,0,1,0,0,4.5,31,22,9,12,8,0,0
422,Andre Jones,14,2,0,0,0,0,3,0,0,0,0,0,0.0,4,1,3,0,0,0,0
423,Derek Barnett,14,4,0,0,0,0,1,0,0,0,0,0,2.5,22,12,10,9,11,0,0
424,Tyler Lacy,15,0,0,0,0,0,1,0,0,0,0,0,0.0,12,5,7,1,3,0,0
425,A.J. Epenesa,15,1,2,38,1,32,8,1,0,1,0,0,6.5,20,9,11,7,10,0,0
426,Mario Edwards,15,1,0,0,0,0,1,1,0,0,0,0,2.0,21,15,6,5,6,0,0
427,Will Anderson,15,13,0,0,0,0,1,0,0,0,0,0,7.0,45,29,16,10,22,0,1
428,Sam Hubbard,15,15,0,0,0,0,0,0,0,2,0,0,6.0,58,38,20,7,17,0,0
429,Alex Wright,16,1,0,0,0,0,2,2,0,1,0,0,5.0,25,16,9,6,5,0,0
430,Shaq Lawson,16,1,0,0,0,0,0,0,0,0,0,0,1.0,13,7,6,2,7,0,0
431,Keion White,16,4,0,0,0,0,3,0,0,0,0,0,1.0,26,12,14,3,5,0,0
432,Casey Toohill,16,8,0,0,0,0,1,0,0,1,0,0,5.0,26,17,9,6,7,0,0
433,Za'Darius Smith,16,16,0,0,0,0,3,1,0,0,0,0,5.5,27,18,9,8,20,0,0
434,Gregory Rousseau,16,16,0,0,0,0,4,1,0,1,0,0,5.0,42,30,12,12,18,0,0
435,Jarran Reed,16,16,0,0,0,0,2,1,0,1,0,0,7.0,54,27,27,7,12,0,0
436,Kwity Paye,16,16,0,0,0,0,0,2,0,2,-5,0,8.5,52,31,21,8,9,0,0
437,George Karlaftis III,16,16,0,0,0,0,3,1,0,0,0,0,10.5,47,29,18,7,17,0,0
438,Myles Garrett,16,16,0,0,0,0,3,4,0,1,1,0,14.0,42,33,9,17,30,0,1
439,Michael Danna,16,16,0,0,0,0,3,0,0,0,0,0,6.5,50,32,18,7,13,0,0
440,Tyree Wilson,17,0,0,0,0,0,0,1,0,1,0,0,3.5,29,16,13,2,8,0,0
441,Sam Williams,17,0,0,0,0,0,0,1,0,0,0,0,4.5,26,15,11,5,7,1,0
442,Nick Thurman,17,0,0,0,0,0,0,0,0,0,0,0,0.0,31,13,18,2,1,0,0
443,Myles Murphy,17,0,0,0,0,0,0,0,0,0,0,0,3.0,20,10,10,3,3,0,0
444,Jacob Martin,17,0,0,0,0,0,0,0,0,0,0,0,2.0,7,5,2,1,3,0,0
445,Tyquan Lewis,17,0,0,0,0,0,3,0,0,0,0,0,4.0,25,18,7,9,13,0,0
446,Tanoh Kpassagnon,17,0,0,0,0,0,2,0,0,0,0,0,3.5,19,12,7,4,9,0,0
447,Matt Henningsen,17,0,0,0,0,0,2,0,0,0,0,0,0.0,19,10,9,0,1,0,0
448,Brandon Graham,17,0,0,0,0,0,1,0,0,0,0,0,3.0,16,11,5,4,6,0,0
449,Dante Fowler,17,0,0,0,0,0,3,1,0,0,0,0,4.0,13,8,5,5,7,0,0
450,Felix Anudike-Uzomah,17,0,0,0,0,0,0,1,0,0,0,0,0.5,14,8,6,2,7,0,0
451,Adrian Phillips,17,1,0,0,0,0,0,0,0,0,0,0,0.0,17,10,7,0,0,0,0
452,Dayo Odeyingbo,17,1,0,0,0,0,2,2,0,2,0,0,8.0,38,22,16,9,17,0,0
453,Dorance Armstrong Jr.,17,1,0,0,0,0,1,0,0,0,0,0,7.5,38,20,18,7,12,0,0
454,Cameron Sample,17,2,0,0,0,0,1,0,0,0,0,0,1.5,29,18,11,1,8,0,0
455,Jerry Hughes,17,2,0,0,0,0,0,1,0,0,0,0,3.0,32,23,9,4,3,0,0
456,Brent Urban,17,3,0,0,0,0,2,0,0,1,0,0,3.0,22,16,6,5,6,0,0
457,Chauncey Golston,17,3,0,0,0,0,0,1,0,0,0,0,1.5,25,11,14,1,3,0,0
458,Malcolm Koonce,17,11,0,0,0,0,0,3,0,0,0,0,8.0,43,32,11,9,17,0,0
459,Jonah Williams,17,16,0,0,0,0,1,0,0,0,0,0,2.0,49,20,29,4,4,0,0
460,Dre'Mont Jones,17,16,0,0,0,0,0,0,0,0,0,0,4.5,49,26,23,5,12,0,0
461,Josh Sweat,17,17,0,0,0,0,1,2,0,0,0,0,6.5,43,30,13,7,23,0,0
462,DeMarcus Lawrence,17,17,0,0,0,0,6,1,0,0,0,0,4.0,50,29,21,10,8,0,1
463,Cameron Jordan,17,17,0,0,0,0,3,0,0,1,0,0,2.0,43,20,23,3,6,0,0
464,Trey Hendrickson,17,17,0,0,0,0,3,3,0,0,0,0,17.5,43,28,15,16,25,0,1
465,Carl Granderson,17,17,0,0,0,0,1,1,0,1,0,0,8.5,78,44,34,14,20,0,0
466,Samson Ebukam,17,17,0,0,0,0,1,3,0,0,0,0,9.5,57,39,18,10,17,0,0
467,Maxx Crosby,17,17,0,0,0,0,2,2,0,1,0,0,14.5,90,55,35,23,31,0,1
468,Zach Allen,17,17,0,0,0,0,1,1,0,0,0,0,5.0,60,27,33,8,24,0,0
469,Khalid Kareem,1,0,0,0,0,0,1,0,0,0,0,0,0.0,1,1,0,0,0,0,0
470,L.J. Collier,1,1,0,0,0,0,0,0,0,0,0,0,0.0,2,2,0,0,0,0,0
471,T.J. Smith,2,0,0,0,0,0,0,0,0,0,0,0,0.0,4,1,3,0,0,0,0
472,T.Y. McGill,2,0,0,0,0,0,0,1,0,0,0,0,0.0,2,1,1,0,1,0,0
473,Bruce Hector,2,0,0,0,0,0,0,0,0,0,0,0,0.0,4,2,2,1,0,0,0
474,Joe Gaziano,2,0,0,0,0,0,0,0,0,0,0,0,0.0,2,1,1,0,0,0,0
475,Austin Bryant,2,0,0,0,0,0,0,0,0,0,0,0,0.0,1,0,1,0,0,0,0
476,Tyson Alualu,2,1,0,0,0,0,0,0,0,0,0,0,0.0,4,3,1,0,0,0,0
477,Brodric Martin,3,0,0,0,0,0,0,0,0,0,0,0,0.0,3,1,2,0,0,0,0
478,Timmy Horne,3,0,0,0,0,0,1,0,0,0,0,0,0.0,4,0,4,0,0,0,0
479,Christopher Hinton,3,0,0,0,0,0,0,0,0,0,0,0,0.0,10,4,6,0,0,0,0
480,Elijah Garcia,3,0,0,0,0,0,0,1,0,0,0,0,1.0,4,1,3,0,1,0,0
481,Neil Farrell,3,0,0,0,0,0,1,0,0,0,0,0,0.0,1,1,0,1,0,0,0
482,Daniel Ekuale,3,0,0,0,0,0,0,1,0,0,0,0,0.0,3,2,1,0,0,0,0
483,Kalia Davis,3,0,0,0,0,0,0,0,0,0,0,0,1.0,1,1,0,1,1,0,0
484,Tanzel Smart,4,0,0,0,0,0,0,0,0,0,0,0,0.0,2,1,1,0,0,0,0
485,Robert Beal,4,0,0,0,0,0,0,0,0,0,0,0,1.0,5,2,3,1,1,0,0
486,Marcus Davenport,4,3,0,0,0,0,0,0,0,0,0,0,2.0,7,3,4,2,4,0,0
487,Ben Stille,5,0,0,0,0,0,0,0,0,0,0,0,1.0,8,6,2,0,1,0,0
488,Jalyn Holmes,5,0,0,0,0,0,0,0,0,0,0,0,1.0,5,3,2,1,1,0,0
489,Marlon Davidson,5,3,0,0,0,0,0,0,0,0,0,0,1.0,10,6,4,2,1,0,0
490,Al Woods,6,0,0,0,0,0,0,0,0,0,0,0,1.0,6,4,2,2,2,0,0
491,Sheldon Day,6,1,0,0,0,0,0,0,0,1,5,0,0.0,8,3,5,1,0,0,0
492,LaCale London,7,0,0,0,0,0,0,0,0,1,0,0,0.0,13,6,7,2,0,0,0
493,Abdullah Anderson,7,0,0,0,0,0,0,0,0,1,0,0,0.5,8,5,3,1,1,0,0
494,Sam Roberts,7,1,0,0,0,0,0,0,0,0,0,0,0.0,5,2,3,0,0,0,0
495,Jordon Riley,8,0,0,0,0,0,0,0,0,0,0,0,0.0,8,4,4,1,0,0,0
496,Drake Jackson,8,0,0,0,0,0,1,0,0,0,0,0,3.0,7,4,3,2,3,0,0
497,Grady Jarrett,8,8,0,0,0,0,2,0,0,0,0,0,1.5,23,9,14,2,8,0,0
498,Dean Lowry,9,4,0,0,0,0,1,0,0,1,0,0,0.0,14,4,10,0,0,0,0
499,Levi Onwuzurike,10,0,0,0,0,0,0,0,0,0,0,0,1.0,5,4,1,1,2,0,0
500,Mike Greene,10,2,0,0,0,0,0,0,0,0,0,0,0.0,6,2,4,0,0,0,0
501,Dominique Robinson,11,0,0,0,0,0,1,0,0,0,0,0,0.5,12,5,7,1,1,0,0
502,Pat O'Connor,11,0,0,0,0,0,0,0,0,0,0,0,0.0,4,2,2,2,0,1,0
503,Malcolm Roach,12,0,0,0,0,0,3,0,0,0,0,0,0.0,38,13,25,3,1,0,0
504,Jeremiah Pharms,12,0,0,0,0,0,0,0,0,1,0,0,0.0,9,4,5,0,0,0,0
505,Scott Matlock,12,0,0,0,0,0,0,0,0,0,0,0,0.0,15,6,9,1,1,0,0
506,Jaquelin Roy,12,1,0,0,0,0,0,0,0,0,0,0,0.0,8,3,5,1,1,0,0
507,Josh Paschal,12,4,0,0,0,0,1,0,0,1,0,0,1.0,25,17,8,5,3,0,0
508,Jonathan Ledbetter,12,12,0,0,0,0,0,0,0,0,0,0,1.5,46,21,25,1,4,0,0
509,Charles Harris,13,3,0,0,0,0,0,0,0,0,0,0,1.5,13,10,3,2,5,0,0
510,Kentavius Street,13,6,0,0,0,0,1,0,0,1,0,0,1.0,18,11,7,4,1,0,0
511,Albert Huggins,13,5,0,0,0,0,0,0,0,1,0,0,0.0,22,7,15,0,2,0,0
512,Yannick Ngakoue,13,13,0,0,0,0,0,0,0,0,0,0,4.0,22,13,9,6,7,0,0
513,Alim McNeill,13,13,0,0,0,0,1,1,0,0,0,0,5.0,32,17,15,6,10,0,0
514,Khyiris Tonga,14,2,0,0,0,0,0,0,0,0,0,0,0.0,15,9,6,1,2,0,0
515,Nick Williams,14,6,0,0,0,0,0,0,0,2,0,0,1.0,32,16,16,7,1,0,0
516,David Onyemata,14,14,0,0,0,0,3,2,0,0,0,0,4.0,50,25,25,6,16,0,0
517,Calijah Kancey,14,14,0,0,0,0,1,0,0,0,0,0,4.0,26,19,7,10,12,0,1
518,Quinton Jefferson,14,14,0,0,0,0,0,1,0,1,-10,0,6.0,34,13,21,4,13,0,0
519,Will McDonald,15,0,0,0,0,0,0,1,0,1,0,0,3.0,14,9,5,4,5,0,0
520,Ta'Quon Graham,15,2,0,0,0,0,0,1,0,0,0,0,1.0,23,6,17,1,2,0,0
521,D.J. Davidson,15,2,0,0,0,0,2,0,0,0,0,0,0.5,13,6,7,1,1,0,0
522,Romeo Okwara,16,0,0,0,0,0,2,1,0,0,0,0,2.0,9,3,6,1,5,0,0
523,Zach Harrison,16,0,0,0,0,0,1,0,0,0,0,0,3.0,33,18,15,4,5,0,0
524,William Gholston,16,1,1,0,0,0,2,0,0,0,0,0,0.0,19,10,9,0,0,0,0
525,Micheal Clemons,16,1,0,0,0,0,0,1,0,0,0,0,0.5,27,14,13,2,1,0,0
526,Rakeem Nunez-Roches,16,4,0,0,0,0,1,0,0,0,0,0,0.5,26,14,12,1,1,0,0
527,Chase Young,16,6,0,0,0,0,2,0,0,0,0,0,7.5,25,17,8,7,15,0,0
528,Mike Purcell,16,10,0,0,0,0,3,0,0,1,-1,0,0.0,25,11,14,1,5,0,0
529,John Cominsky,16,11,0,0,0,0,1,0,0,0,0,0,2.0,36,14,22,2,8,0,0
530,Deatrich Wise Jr.,16,13,0,0,0,0,1,1,0,0,0,0,4.5,54,22,32,3,6,0,0
531,Logan Hall,16,13,0,0,0,0,2,0,0,2,0,0,0.5,22,11,11,2,1,0,0
532,Dexter Lawrence,16,16,0,0,0,0,2,0,0,0,0,0,4.5,53,32,21,7,21,0,1
533,Javon Hargrave,16,16,0,0,0,0,2,0,0,0,0,0,7.0,44,25,19,8,14,0,1
534,Colby Wooden,17,0,0,0,0,0,0,0,0,0,0,0,0.5,17,10,7,1,2,0,0
535,Zacch Pickens,17,0,0,0,0,0,1,1,0,0,0,0,0.5,20,9,11,1,2,0,0
536,Rasheem Green,17,0,0,0,0,0,0,0,0,0,0,0,2.0,15,8,7,2,5,0,0
537,Karl Brooks,17,0,0,0,0,0,4,1,0,2,0,0,4.0,20,12,8,6,5,0,0
538,Kevin Givens,17,1,0,0,0,0,1,0,0,1,0,0,1.5,22,12,10,3,4,0,0
539,Gervon Dexter,17,1,0,0,0,0,2,0,0,0,0,0,2.5,20,13,7,0,12,0,0
540,Jeremiah Ledbetter,17,2,0,0,0,0,1,0,0,1,0,0,0.0,24,7,17,1,1,0,0
541,Greg Gaines,17,2,0,0,0,0,0,0,0,1,0,0,1.0,24,7,17,0,5,0,0
542,Solomon Thomas,17,3,0,0,0,0,1,0,0,0,0,0,5.0,31,15,16,7,6,0,0
543,Morgan Fox,17,4,0,0,0,0,0,0,0,0,0,0,5.5,15,11,4,5,10,0,0
544,Devonte Wyatt,17,5,0,0,0,0,0,0,0,1,0,0,5.5,36,18,18,6,11,0,0
545,Jonathan Harris,17,5,0,0,0,0,0,0,0,0,0,0,1.0,43,26,17,4,4,0,0
546,Christian Barmore,17,6,0,0,0,0,6,1,0,0,0,0,8.5,64,39,25,13,16,0,0
547,Adam Gotsis,17,7,0,0,0,0,4,0,0,0,0,0,1.0,26,18,8,3,7,0,0
548,Montez Sweat,17,17,0,0,0,0,4,3,0,0,0,0,12.5,57,38,19,14,25,0,1
549,Keeanu Benton,17,9,0,0,0,0,2,2,0,0,0,0,1.0,36,16,20,1,8,0,0
550,DeMarcus Walker,17,12,0,0,0,0,0,0,0,0,0,0,3.5,30,17,13,9,16,0,0
551,A'Shawn Robinson,17,13,0,0,0,0,2,0,0,0,0,0,0.0,62,34,28,6,1,0,0
552,Jonathan Bullard,17,14,0,0,0,0,0,1,0,0,0,0,2.0,44,24,20,3,2,0,0
553,Benito Jones,17,15,0,0,0,0,0,0,0,0,0,0,1.0,26,13,13,3,6,0,0
554,Quinnen Williams,17,17,1,6,0,6,3,1,0,1,0,0,5.5,62,39,23,11,20,1,1
555,Tedarrell Slaton,17,17,0,0,0,0,2,0,0,0,0,0,0.0,50,23,27,2,2,0,0
556,Roy Robertson-Harris,17,17,0,0,0,0,1,0,0,0,0,0,3.5,34,16,18,3,11,0,0
557,Harrison Phillips,17,17,0,0,0,0,2,0,0,0,0,0,3.0,92,44,48,2,6,0,0
558,Austin Johnson,17,17,0,0,0,0,2,1,0,1,0,0,0.0,46,24,22,2,1,0,0
559,Aidan Hutchinson,17,17,1,6,0,6,7,3,0,2,0,0,11.5,51,36,15,14,33,0,1
560,Davon Godchaux,17,17,0,0,0,0,0,0,0,1,0,0,0.0,56,24,32,2,1,0,0
561,John Franklin-Myers,17,17,0,0,0,0,3,0,0,0,0,0,3.5,33,15,18,6,14,0,0
562,Clelin Ferrell,17,17,0,0,0,0,1,1,0,1,0,0,3.5,28,15,13,6,13,0,0
563,Kenny Clark,17,17,0,0,0,0,3,2,0,0,0,0,7.5,44,22,22,9,16,0,1
564,Calais Campbell,17,17,0,0,0,0,1,1,0,1,0,0,6.5,56,32,24,10,17,1,0
565,Nick Bosa,17,17,0,0,0,0,4,2,0,1,-3,0,10.5,53,34,19,16,35,0,1
566,Andrew Billings,17,17,0,0,0,0,0,0,0,0,0,0,0.0,27,12,15,3,2,0,0
567,Perrion Winfrey,1,0,0,0,0,0,0,0,0,0,0,0,0.0,3,1,2,0,0,0,0
568,Benning Potoa'e,1,0,0,0,0,0,0,0,0,0,0,0,0.0,1,0,1,0,0,0,0
569,Jack Heflin,1,0,0,0,0,0,0,0,0,0,0,0,0.0,1,0,1,0,0,0,0
570,Marquise Copeland,1,0,0,0,0,0,0,0,0,0,0,0,0.0,1,1,0,0,0,0,0
571,Eli Ankou,1,0,0,0,0,0,0,0,0,0,0,0,0.0,1,0,1,0,0,0,0
572,McTelvin Agim,1,0,0,0,0,0,0,0,0,0,0,0,0.0,2,0,2,0,1,0,0
573,Nesta Jade Silvera,2,0,0,0,0,0,0,0,0,0,0,0,0.0,2,1,1,0,0,0,0
574,Matthew Butler,2,0,0,0,0,0,0,0,0,0,0,0,0.0,1,0,1,0,0,0,0
575,Travis Bell,2,0,0,0,0,0,0,0,0,0,0,0,0.0,2,2,0,0,0,0,0
576,Carlos Watkins,2,1,0,0,0,0,1,0,0,0,0,0,1.0,7,4,3,1,1,0,0
577,Mike Pennel,3,0,0,0,0,0,0,0,0,0,0,0,0.0,4,2,2,1,0,0,0
578,Ross Blacklock,3,0,0,0,0,0,0,0,0,0,0,0,0.0,2,1,1,0,0,0,0
579,Hassan Ridgeway,3,1,0,0,0,0,0,0,0,0,0,0,0.0,6,1,5,0,0,0,0
580,Brandon Pili,4,0,0,0,0,0,0,0,0,0,0,0,0.0,2,1,1,0,0,0,0
581,PJ Mustipher,4,0,0,0,0,0,0,0,0,0,0,0,0.0,4,1,3,0,0,0,0
582,Cory Durden,4,0,0,0,0,0,0,0,0,0,0,0,0.0,3,1,2,0,0,0,0
583,Phil Hoskins,5,1,0,0,0,0,0,0,0,0,0,0,0.0,8,2,6,0,0,0,0
584,Byron Young,6,0,0,0,0,0,0,0,0,0,0,0,0.0,4,4,0,0,0,0,0
585,Quinton Bohanna,6,3,0,0,0,0,0,0,0,0,0,0,0.0,10,5,5,2,0,0,0
586,Linval Joseph,7,0,0,0,0,0,0,0,0,0,0,0,1.0,12,7,5,1,1,0,0
587,DaQuan Jones,7,7,0,0,0,0,0,0,0,0,0,0,2.5,16,8,8,4,5,0,0
588,Moro Ojomo,8,0,0,0,0,0,0,0,0,0,0,0,0.0,3,2,1,0,0,0,0
589,Poona Ford,8,0,0,0,0,0,0,0,0,0,0,0,1.0,9,5,4,1,3,0,0
590,Otito Ogbonnia,8,2,0,0,0,0,0,0,0,0,0,0,0.0,21,10,11,0,2,0,0
591,DaVon Hamilton,8,2,0,0,0,0,0,0,0,0,0,0,0.0,12,7,5,1,0,0,0
592,Jay Tufele,10,0,0,0,0,0,0,0,0,0,0,0,0.0,11,4,7,0,0,0,0
593,Phidarian Mathis,10,0,0,0,0,0,0,0,0,1,0,0,0.0,8,2,6,0,1,0,0
594,Isaiah Buggs,10,3,0,0,0,0,1,0,0,1,33,0,1.0,12,7,5,2,1,0,0
595,Angelo Blackson,11,0,0,0,0,0,0,0,0,3,0,0,0.0,13,8,5,2,0,0,0
596,Myles Adams,11,1,0,0,0,0,0,0,0,0,0,0,1.0,6,2,4,1,1,0,0
597,Leki Fotu,11,9,0,0,0,0,0,0,0,0,0,0,2.5,28,15,13,5,2,0,0
598,Grover Stewart,11,11,0,0,0,0,0,0,0,0,0,0,0.5,41,23,18,5,8,0,0
599,Cameron Heyward,11,11,0,0,0,0,1,0,0,0,0,0,2.0,33,25,8,6,3,0,0
600,Matt Dickerson,12,0,0,0,0,0,0,0,0,0,0,0,0.0,15,7,8,1,0,0,0
601,Naquan Jones,12,2,0,0,0,0,0,0,0,0,0,0,0.0,17,3,14,1,0,0,0
602,Jaleel Johnson,12,4,0,0,0,0,0,0,0,0,0,0,1.0,24,11,13,0,1,0,0
603,Jeffery Simmons,12,12,0,0,0,0,1,1,0,1,2,0,5.5,44,30,14,10,11,0,0
604,Maurice Hurst Jr.,13,0,1,0,0,0,3,0,0,1,0,0,1.5,22,12,10,4,5,0,0
605,Montravius Adams,13,8,0,0,0,0,1,1,0,0,0,0,0.0,24,11,13,2,0,0,0
606,Teair Tart,13,9,0,0,0,0,0,0,0,0,0,0,1.0,24,17,7,8,4,0,0
607,Kyle Peko,13,10,0,0,0,0,1,0,0,0,0,0,0.0,22,12,10,2,2,0,0
608,Marlon Tuipulotu,14,0,0,0,0,0,0,0,0,0,0,0,2.0,22,13,9,3,2,0,0
609,Eric Johnson,14,0,0,0,0,0,0,0,0,0,0,0,1.0,15,6,9,1,3,0,0
610,Josh Tupou,14,1,0,0,0,0,0,0,0,0,0,0,0.0,19,8,11,1,1,0,0
611,Roy Lopez,14,5,0,0,0,0,0,0,0,0,0,0,0.0,42,22,20,2,1,0,0
612,Jordan Phillips,14,9,0,0,0,0,5,0,0,0,0,0,2.5,15,10,5,2,5,0,0
613,D.J. Reader,14,14,0,0,0,0,1,0,0,1,0,0,1.0,34,20,14,2,7,0,0
614,Johnathan Hankins,14,14,0,0,0,0,2,0,0,0,0,0,3.0,27,13,14,2,3,0,0
615,Armon Watts,15,0,0,0,0,0,0,0,0,0,0,0,0.5,15,6,9,0,3,0,0
616,Khalil Davis,15,1,0,0,0,0,2,1,0,1,0,0,2.0,32,16,16,6,6,0,0
617,Larrell Murchison,15,3,0,0,0,0,0,0,0,0,0,0,0.0,16,7,9,1,0,0,0
618,Dante Stills,15,8,0,0,0,0,0,0,0,1,0,0,3.5,47,18,29,5,5,0,0
619,Sheldon Rankins,15,15,0,0,0,0,0,1,0,1,13,1,6.0,37,29,8,9,10,0,0
620,Isaiahh Loudermilk,16,0,0,0,0,0,2,0,0,0,0,0,0.0,16,8,8,0,1,0,0
621,Da'Shawn Hand,16,0,0,0,0,0,2,0,0,0,0,0,1.0,17,6,11,1,3,0,0
622,Cameron Young,16,1,0,0,0,0,1,0,0,0,0,0,0.0,18,10,8,1,1,0,0
623,Jalen Carter,16,1,0,0,0,0,0,2,0,1,42,1,6.0,33,20,13,8,9,0,1
624,Broderick Washington Jr.,16,5,0,0,0,0,0,0,0,2,0,0,2.0,18,10,8,3,5,0,0
625,Milton Williams,16,10,0,0,0,0,1,1,0,0,0,0,0.5,42,21,21,3,7,0,0
626,DeShawn Williams,16,10,0,0,0,0,1,0,0,0,0,0,1.0,33,13,20,2,7,0,0
627,Dalvin Tomlinson,16,16,0,0,0,0,0,0,0,0,0,0,3.0,28,12,16,4,12,0,0
628,Ed Oliver,16,16,1,0,0,0,3,1,0,0,0,0,9.5,51,34,17,14,16,0,0
629,D.J. Jones,16,16,0,0,0,0,0,3,0,2,14,0,2.0,46,30,16,5,4,0,0
630,Chris Jones,16,16,0,0,0,0,4,0,0,0,0,0,10.5,30,20,10,13,29,0,1
631,Aaron Donald,16,16,0,0,0,0,3,0,0,0,0,0,8.0,53,28,25,16,23,0,1
632,Maliek Collins,16,16,0,0,0,0,1,0,0,0,0,0,5.0,41,19,22,8,18,0,0
633,Jonathan Allen,16,16,0,0,0,0,1,0,0,0,0,0,5.5,53,30,23,10,19,0,0
634,Travis Jones,17,0,0,0,0,0,2,0,0,0,0,0,1.5,36,20,16,4,5,0,0
635,Neville Gallimore,17,0,0,0,0,0,1,0,0,0,0,0,1.0,16,8,8,2,2,0,0
636,Adam Butler,17,0,0,0,0,0,4,1,0,0,0,0,5.0,28,16,12,8,9,0,0
637,Bryan Bresee,17,0,0,0,0,0,6,0,0,0,0,0,4.5,24,12,12,7,9,0,0
638,Tershawn Wharton,17,1,0,0,0,0,0,0,0,1,0,0,2.0,21,7,14,2,5,0,0
639,LaBryan Ray,17,1,0,0,0,0,0,0,0,0,0,0,0.0,19,7,12,0,0,0,0
640,Kurt Hinish,17,1,0,0,0,0,1,0,0,0,0,0,0.5,22,11,11,2,2,0,0
641,Tim Settle,17,2,0,0,0,0,0,0,0,0,0,0,1.0,14,9,5,1,2,0,0
642,John Ridgeway,17,2,0,0,0,0,1,0,0,0,0,0,0.0,31,16,15,0,0,0,0
643,Mazi Smith,17,3,0,0,0,0,0,0,0,0,0,0,1.0,13,9,4,3,3,0,0
644,Zachary Carter,17,5,0,0,0,0,1,1,0,0,0,0,0.0,23,8,15,1,2,0,0
645,Javon Kinlaw,17,6,0,0,0,0,3,0,0,0,0,0,3.5,25,13,12,4,6,0,0
646,Shelby Harris,17,7,0,0,0,0,5,1,0,0,0,0,1.5,28,17,11,6,3,0,0
647,Raekwon Davis,17,7,0,0,0,0,0,0,0,0,0,0,0.5,28,15,13,2,6,0,0
648,Taven Bryan,17,7,0,0,0,0,0,1,0,0,0,0,2.0,22,12,10,4,1,0,0
649,Jordan Elliott,17,14,0,0,0,0,1,0,0,0,0,0,2.5,21,14,7,3,3,0,0
650,DeForest Buckner,17,16,0,0,0,0,7,2,0,1,26,1,8.0,81,45,36,11,21,0,1
651,Shy Tuttle,17,17,0,0,0,0,5,0,0,0,0,0,0.5,43,19,24,1,1,0,0
652,Zach Sieler,17,17,1,5,1,5,4,1,0,2,3,0,10.0,63,32,31,11,22,0,0
653,Nathan Shepherd,17,17,0,0,0,0,0,0,0,0,0,0,3.5,50,27,23,4,8,0,0
654,Khalen Saunders,17,17,0,0,0,0,1,0,0,0,0,0,0.0,57,24,33,1,2,0,0
655,Daron Payne,17,17,0,0,0,0,4,2,0,2,0,0,4.0,53,32,21,13,11,0,0
656,Larry Ogunjobi,17,17,0,0,0,0,2,1,0,2,0,0,3.0,43,21,22,3,8,0,0
657,Osa Odighizuwa,17,17,0,0,0,0,0,0,0,0,0,0,3.0,46,26,20,9,13,0,0
658,Derrick Nnadi,17,17,0,0,0,0,1,0,0,0,0,0,1.0,29,16,13,1,1,0,0
659,Nnamdi Madubuike,17,17,0,0,0,0,0,1,0,0,0,0,13.0,56,38,18,12,33,0,1
660,John Jenkins,17,17,0,0,0,0,4,0,0,1,44,1,1.0,61,24,37,4,2,0,0
661,B.J. Hill,17,17,2,0,0,0,5,0,0,1,0,0,4.5,51,26,25,2,21,0,0
662,Jordan Davis,17,17,0,0,0,0,1,1,0,0,0,0,2.5,45,18,27,2,5,0,0
663,Derrick Brown,17,17,1,2,0,2,6,0,0,0,0,0,2.0,103,57,46,7,15,0,1
664,Truman Jones,1,0,0,0,0,0,0,0,0,0,0,0,0.0,2,2,0,0,0,0,0
665,DJ Coleman,1,0,0,0,0,0,0,0,0,0,0,0,0.0,3,1,2,0,0,0,0
666,Solomon Byrd,1,0,0,0,0,0,1,0,0,0,0,0,0.0,2,2,0,0,1,0,0
667,Derrick Brown,1,1,0,0,0,0,0,0,0,0,0,0,0.0,3,1,2,0,0,0,0
668,Elerson Smith,2,0,0,0,0,0,0,0,0,0,0,0,0.0,2,1,1,0,0,0,0
669,Andre Jones,2,0,0,0,0,0,0,0,0,0,0,0,0.0,1,1,0,0,0,0,0
670,K.J. Henry,2,0,0,0,0,0,0,0,0,0,0,0,1.0,3,1,2,1,1,0,0
671,Tanoh Kpassagnon,3,0,0,0,0,0,0,0,0,0,0,0,0.0,1,1,0,0,1,0,0
672,Joe Gaziano,3,0,0,0,0,0,0,0,0,0,0,0,0.0,3,2,1,0,0,0,0
673,Carl Davis,3,0,0,0,0,0,0,0,0,0,0,0,0.0,3,1,2,0,0,0,0
674,Andre Carter II,3,0,0,0,0,0,0,0,0,0,0,0,0.5,1,0,1,0,1,0,0
675,Alex Wright,4,0,0,0,0,0,0,0,0,0,0,0,1.0,8,5,3,1,1,1,0
676,DeMarcus Lawrence,4,4,0,0,0,0,0,1,0,0,0,0,3.0,14,7,7,4,5,0,0
677,Cameron Thomas,5,0,0,0,0,0,0,0,0,0,0,0,1.0,11,6,5,4,1,0,0
678,DeMarvin Leal,5,0,0,0,0,0,0,0,0,0,0,0,0.0,4,2,2,0,1,0,0
679,Jonah Williams,6,0,0,0,0,0,0,0,0,0,0,0,0.0,3,1,2,1,0,0,0
680,Efe Obada,6,0,0,0,0,0,0,0,0,0,0,0,0.0,4,2,2,0,0,0,0
681,Charles Omenihu,6,1,0,0,0,0,0,1,0,0,0,0,1.0,6,4,2,0,1,0,0
682,Braiden McGregor,7,0,0,0,0,0,0,0,0,0,0,0,0.0,6,3,3,0,0,0,0
683,Jerry Hughes,7,0,0,0,0,0,0,0,0,0,0,0,0.0,5,3,2,0,0,0,0
684,Jonathan Harris,7,0,0,0,0,0,0,0,0,1,0,0,0.0,10,4,6,1,1,0,0
685,Tyrus Wheat,8,0,0,0,0,0,0,0,0,0,0,0,0.5,14,6,8,1,1,0,0
686,Myles Cole,8,0,0,0,0,0,0,0,0,0,0,0,0.0,8,4,4,1,0,0,0
687,Cedric Johnson,9,0,0,0,0,0,0,0,0,0,0,0,1.0,7,5,2,1,4,0,0
688,Isaiah Land,10,0,0,0,0,0,0,0,0,0,0,0,0.0,1,1,0,1,1,0,0
689,Desjuan Johnson,10,0,0,0,0,0,0,0,0,0,0,0,1.0,12,4,8,1,1,0,0
690,Janarius Robinson,10,1,0,0,0,0,1,0,0,0,0,0,0.5,5,2,3,0,2,0,0
691,Denico Autry,10,2,0,0,0,0,3,0,0,0,0,0,3.0,13,8,5,3,6,0,0
692,Tyquan Lewis,10,4,0,0,0,0,0,1,0,0,0,0,1.5,24,14,10,2,4,0,0
693,Marshawn Kneeland,11,1,0,0,0,0,1,0,0,1,0,0,0.0,14,9,5,2,3,0,0
694,Sam Kamara,11,1,0,0,0,0,0,0,0,0,0,0,0.0,15,10,5,1,0,0,0
695,Brandon Graham,11,1,0,0,0,0,2,1,0,0,0,0,3.5,20,15,5,6,7,0,0
696,Dawuane Smoot,11,4,0,0,0,0,1,2,0,0,0,0,1.5,16,12,4,5,4,0,0
697,Malik Herring,12,0,0,0,0,0,0,0,0,0,0,0,0.0,12,7,5,1,3,0,0
698,Javontae Jean-Baptiste,12,1,0,0,0,0,0,0,0,0,0,0,1.0,13,6,7,1,2,0,0
699,Bryce Huff,12,6,0,0,0,0,0,1,0,0,0,0,2.5,13,5,8,3,4,0,0
700,Myles Murphy,13,0,0,0,0,0,1,0,0,0,0,0,0.0,20,11,9,1,4,0,0
701,Dylan Horton,13,0,0,0,0,0,1,0,0,0,0,0,0.0,16,6,10,1,2,0,0
702,Joshua Uche,13,1,0,0,0,0,0,0,0,0,0,0,2.0,23,17,6,2,3,0,0
703,Javon Solomon,14,0,0,0,0,0,0,1,0,1,0,0,2.0,13,9,4,3,6,0,0
704,Casey Toohill,14,1,0,0,0,0,1,0,0,1,0,0,1.0,20,9,11,2,1,0,0
705,Carlos Watkins,15,0,0,0,0,0,0,0,0,0,0,0,0.0,12,4,8,0,0,0,0
706,Mike Morris,15,0,0,0,0,0,0,0,0,0,0,0,0.0,5,3,2,0,0,0,0
707,Carl Lawson,15,3,0,0,0,0,0,1,0,0,0,0,5.0,15,7,8,4,15,0,0
708,K'Lavon Chaisson,15,4,1,0,0,0,2,1,0,0,0,0,5.0,32,19,13,7,8,0,0
709,Deatrich Wise Jr.,15,5,0,0,0,0,3,0,0,0,0,0,5.0,29,16,13,5,8,0,0
710,Payton Turner,16,0,0,0,0,0,4,2,0,0,0,0,2.0,21,10,11,3,3,0,0
711,Derek Barnett,16,1,0,0,0,0,0,2,0,2,64,2,5.0,26,15,11,4,7,0,0
712,Isaiah McGuire,16,3,0,0,0,0,0,3,0,0,0,0,2.5,36,18,18,8,9,0,0
713,Tyree Wilson,16,4,0,0,0,0,0,1,0,0,0,0,4.5,27,16,11,6,10,0,0
714,Ogbonnia Okoronkwo,16,5,0,0,0,0,0,1,0,0,0,0,3.0,23,15,8,5,6,0,0
715,Chase Young,17,0,0,0,0,0,3,1,0,0,0,0,5.5,31,21,10,8,21,0,0
716,Isaiah Foskey,17,0,0,0,0,0,0,0,0,0,0,0,0.0,16,4,12,0,0,0,0
717,Laiatu Latu,17,1,0,0,0,0,1,3,0,1,0,0,4.0,32,16,16,5,12,0,1
718,Arik Armstead,17,1,0,0,0,0,3,0,0,0,0,0,2.0,29,21,8,3,7,0,0
719,Joseph Ossai,17,3,0,0,0,0,1,2,0,0,0,0,5.0,46,26,20,4,15,0,0
720,Felix Anudike-Uzomah,17,3,0,0,0,0,0,1,0,1,0,0,2.5,27,16,11,6,7,0,0
721,Angelo Blackson,1,0,0,0,0,0,0,0,0,0,0,0,0.0,1,1,0,0,0,0,0
722,Chris Wormley,2,0,0,0,0,0,0,0,0,0,0,0,0.0,4,1,3,0,0,0,0
723,Isaiah Thomas,2,0,0,0,0,0,0,0,0,1,0,0,0.0,3,0,3,0,0,0,0
724,Levi Drake Rodriguez,2,0,0,0,0,0,1,0,0,0,0,0,0.0,1,1,0,0,0,0,0
725,Isaac Ukwu,2,1,0,0,0,0,0,0,0,0,0,0,0.0,3,2,1,0,0,0,0
726,Brodric Martin,2,1,0,0,0,0,0,0,0,0,0,0,0.0,1,0,1,0,0,0,0
727,Marcus Davenport,2,1,0,0,0,0,0,0,0,0,0,0,0.5,2,1,1,0,4,0,0
728,Mike Greene,3,0,0,0,0,0,0,0,0,0,0,0,0.0,2,0,2,0,0,0,0
729,Alex Barrett,3,0,0,0,0,0,0,0,0,0,0,0,0.0,2,2,0,0,0,0,0
730,Justin Jones,3,3,0,0,0,0,0,0,0,1,0,0,0.0,4,3,1,1,1,0,0
731,Javon Hargrave,3,3,0,0,0,0,0,0,0,0,0,0,1.0,7,4,3,1,1,0,0
732,Eyioma Uwazurike,4,0,0,0,0,0,0,0,0,0,0,0,0.5,11,3,8,0,1,0,0
733,Jonathan Ford,4,0,0,0,0,0,0,0,0,0,0,0,0.0,9,3,6,1,0,0,0
734,Chris Smith,5,0,0,0,0,0,0,0,0,0,0,0,0.0,2,0,2,0,1,0,0
735,Justin Eboigbe,5,0,0,0,0,0,0,0,0,0,0,0,0.0,2,1,1,0,0,0,0
736,Kyle Peko,5,1,0,0,0,0,0,0,0,0,0,0,0.0,2,1,1,1,2,0,0
737,Elijah Garcia,5,3,0,0,0,0,0,0,0,1,0,0,0.0,14,5,9,2,1,0,0
738,Aidan Hutchinson,5,5,0,0,0,0,0,1,0,0,0,0,7.5,19,12,7,7,17,0,0
739,Ben Stille,6,0,0,0,0,0,1,0,0,1,0,0,1.0,4,1,3,1,1,0,0
740,Darius Robinson,6,0,0,0,0,0,0,0,0,0,0,0,1.0,10,4,6,1,1,0,0
741,Bruce Hector,6,0,0,0,0,0,0,0,0,0,0,0,1.0,10,4,6,3,1,0,0
742,Dominique Robinson,6,1,0,0,0,0,0,0,0,0,0,0,0.0,7,4,3,0,1,0,0
743,Bilal Nichols,6,5,0,0,0,0,0,0,0,0,0,0,0.0,10,6,4,1,1,0,0
744,Taki Taimani,7,0,0,0,0,0,0,0,0,0,0,0,0.0,3,1,2,0,0,0,0
745,Takkarist McKinley,7,0,0,0,0,0,0,0,0,0,0,0,0.5,9,4,5,1,2,0,0
746,Brenton Cox,7,0,0,0,0,0,0,1,0,0,0,0,4.0,12,8,4,5,7,0,0
747,Myles Adams,7,0,0,0,0,0,0,0,0,0,0,0,1.0,7,4,3,1,2,0,0
748,Kevin Givens,8,1,0,0,0,0,0,0,0,0,0,0,3.5,11,6,5,2,6,0,0
749,Demone Harris,9,0,0,0,0,0,1,0,0,0,0,0,0.0,11,4,7,1,1,0,0
750,Al-Quadin Muhammad,9,2,0,0,0,0,1,0,0,0,0,0,3.0,11,8,3,4,5,0,0
751,Zacch Pickens,9,3,0,0,0,0,0,0,0,0,0,0,1.0,19,8,11,1,2,0,0
752,Ta'Quon Graham,10,0,0,0,0,0,0,0,0,0,0,0,0.0,12,6,6,0,1,0,0
753,James Smith-Williams,10,5,0,0,0,0,0,0,0,0,0,0,1.0,24,12,12,7,2,0,0
754,Mekhi Wingo,11,0,0,0,0,0,0,0,0,0,0,0,0.0,9,1,8,0,1,0,0
755,Jacob Martin,11,0,0,0,0,0,1,0,0,0,0,0,3.0,15,9,6,3,6,0,0
756,Yetur Gross-Matos,11,0,0,0,0,0,0,0,0,0,0,0,4.0,19,14,5,6,7,0,0
757,Pat O'Connor,12,0,0,0,0,0,0,0,0,0,0,0,1.0,18,5,13,2,1,0,0
758,C.J. Brewer,12,0,0,0,0,0,2,0,0,0,0,0,2.0,12,7,5,3,3,0,0
759,Evan Anderson,12,1,0,0,0,0,0,1,0,1,0,0,1.0,24,13,11,2,2,0,0
760,D.J. Davidson,12,2,0,0,0,0,0,0,0,2,0,0,2.0,23,12,11,2,2,0,0
761,Brent Urban,13,0,0,0,0,0,2,0,0,0,0,0,0.0,20,9,11,0,0,0,0
762,Kentavius Street,13,0,0,0,0,0,0,0,0,0,0,0,1.0,15,9,6,4,1,0,0
763,Kalia Davis,13,0,1,2,0,2,1,0,0,0,0,0,0.0,12,6,6,0,0,0,0
764,Colby Wooden,13,1,0,0,0,0,2,0,0,0,0,0,0.0,20,9,11,2,2,0,0
765,Khyiris Tonga,13,1,0,0,0,0,0,0,0,0,0,0,0.0,22,6,16,0,0,0,0
766,Jalen Redmond,13,2,0,0,0,0,2,0,0,0,0,0,1.0,18,10,8,6,1,0,0
767,Jordon Riley,13,5,0,0,0,0,0,0,0,0,0,0,0.0,12,7,5,3,1,0,0
768,Devonte Wyatt,14,0,0,0,0,0,0,0,0,2,0,0,5.0,23,17,6,9,9,0,0
769,Eric Watts,14,0,0,0,0,0,0,0,0,0,0,0,0.0,13,7,6,0,0,0,0
770,Leonard Taylor,14,0,0,0,0,0,1,0,0,0,0,0,1.5,24,13,11,4,4,0,0
771,Robert Beal,14,0,0,0,0,0,0,0,0,0,0,0,0.0,17,11,6,0,0,0,0
772,Keondre Coburn,15,1,0,0,0,0,0,0,0,0,0,0,0.0,14,7,7,0,0,0,0
773,Greg Gaines,15,3,0,0,0,0,0,0,0,0,0,0,1.0,17,7,10,2,4,0,0
774,Darrell Taylor,16,0,0,0,0,0,2,2,0,0,0,0,3.0,32,20,12,3,9,0,0
775,Arron Mosby,16,0,0,0,0,0,2,0,0,0,0,0,0.5,12,6,6,1,2,0,0
776,Jalyn Holmes,16,0,0,0,0,0,0,0,0,0,0,0,2.0,18,11,7,6,3,0,0
777,Tyler Davis,16,0,0,0,0,0,0,0,0,0,0,0,0.5,29,12,17,2,1,0,0
778,Solomon Thomas,16,1,0,0,0,0,2,1,0,1,0,0,3.5,26,15,11,5,6,0,0
779,Sam Okuayinonu,16,3,0,0,0,0,1,1,0,0,0,0,3.0,35,25,10,6,7,0,0
780,Levi Onwuzurike,16,10,0,0,0,0,0,1,0,0,0,0,1.5,28,16,12,1,13,0,0
781,Lukas Van Ness,17,0,0,0,0,0,0,1,0,1,0,0,3.0,33,22,11,6,6,0,0
782,James Lynch,17,0,0,0,0,0,2,0,0,0,0,0,1.0,20,6,14,2,2,0,0
783,Jordan Jackson,17,0,0,0,0,0,0,1,0,0,0,0,1.0,17,4,13,1,2,0,0
784,Daniel Hardy,17,0,0,0,0,0,0,1,0,0,0,0,0.0,12,7,5,0,0,0,0
785,Karl Brooks,17,0,0,0,0,0,2,1,0,3,0,0,3.5,24,14,10,4,6,0,0
786,Austin Booker,17,0,0,0,0,0,0,0,0,0,0,0,1.5,21,14,7,3,4,0,0
787,Zach Harrison,17,1,0,0,0,0,2,0,0,0,0,0,1.0,26,6,20,3,1,1,0
788,William Gholston,17,3,0,0,0,0,0,0,0,0,0,0,1.0,12,6,6,1,4,0,0
789,Morgan Fox,17,3,0,0,0,0,1,0,0,0,0,0,3.5,27,19,8,4,6,0,0
790,Kingsley Enagbare,17,7,0,0,0,0,0,2,0,0,0,0,4.5,39,18,21,6,8,0,0
791,Kendal Vickers,1,0,0,0,0,0,0,0,0,0,0,0,0.0,2,1,1,0,0,0,0
792,T.Y. McGill,2,0,0,0,0,0,0,0,0,0,0,0,0.0,3,1,2,0,1,0,0
793,Zion Logue,2,0,0,0,0,0,0,0,0,0,0,0,0.0,2,2,0,0,0,0,0
794,Brandon Dorlus,2,0,0,0,0,0,0,0,0,0,0,0,0.0,3,1,2,0,0,0,0
795,Eli Ankou,2,0,0,0,0,0,0,0,0,0,0,0,0.0,5,1,4,0,0,0,0
796,Marlon Tuipulotu,2,1,0,0,0,0,0,0,0,0,0,0,0.0,4,2,2,1,0,0,0
797,Leki Fotu,2,1,0,0,0,0,0,0,0,0,0,0,0.0,3,1,2,0,0,0,0
798,T.J. Smith,3,0,0,0,0,0,0,0,0,0,0,0,0.0,2,0,2,0,0,0,0
799,Sam Roberts,3,0,0,0,0,0,0,0,0,0,0,0,0.0,1,0,1,0,0,0,0
800,Jayden Peevy,4,0,0,0,0,0,1,1,0,0,0,0,1.5,6,2,4,1,3,0,0
801,Christian Barmore,4,0,0,0,0,0,0,0,0,0,0,0,1.0,6,6,0,1,1,0,0
802,Esezi Otomewo,4,2,0,0,0,0,0,0,0,1,0,0,0.5,4,0,4,0,2,0,0
803,Lawrence Guy,4,2,0,0,0,0,0,0,0,0,0,0,0.0,2,0,2,0,0,0,0
804,Armon Watts,5,0,0,0,0,0,0,0,0,0,0,0,0.0,7,3,4,2,0,0,0
805,Adam Gotsis,5,0,0,0,0,0,0,0,0,0,0,0,0.0,8,4,4,0,2,0,0
806,Jaden Crumedy,5,0,0,0,0,0,0,0,0,0,0,0,0.5,13,4,9,0,1,0,0
807,Christian Wilkins,5,5,0,0,0,0,0,0,0,0,0,0,2.0,17,11,6,2,6,0,0
808,Jowon Briggs,6,0,0,0,0,0,0,0,0,1,0,0,0.0,13,3,10,1,2,0,0
809,Khristian Boyd,6,0,0,0,0,0,0,0,0,0,0,0,0.0,3,2,1,0,0,0,0
810,Jaquelin Roy,6,1,0,0,0,0,0,0,0,0,0,0,2.0,17,12,5,3,2,0,0
811,Nesta Jade Silvera,7,0,0,0,0,0,0,0,0,0,0,0,0.0,8,2,6,0,0,0,0
812,Neil Farrell,7,0,0,0,0,0,0,0,0,0,0,0,0.0,2,1,1,0,1,0,0
813,Matthew Butler,7,1,0,0,0,0,0,0,0,0,0,0,0.0,9,4,5,0,0,0,0
814,Sheldon Rankins,7,7,0,0,0,0,0,0,0,0,0,0,1.0,18,10,8,1,1,0,0
815,Tommy Togiai,8,0,0,0,0,0,2,0,0,0,0,0,1.5,28,11,17,2,2,0,0
816,Brandon Pili,8,0,0,0,0,0,0,0,0,0,0,0,0.0,2,1,1,0,0,0,0
817,Ruke Orhorhoro,8,0,0,0,0,0,0,0,0,0,0,0,0.0,11,4,7,1,1,0,0
818,Jordan Jefferson,8,0,0,0,0,0,1,0,0,0,0,0,1.0,12,5,7,1,1,0,0
819,Maurice Hurst Jr.,8,2,0,0,0,0,0,0,0,0,0,0,0.5,16,9,7,4,1,0,0
820,Michael Hall,8,3,0,0,0,0,0,0,0,0,0,0,1.0,14,8,6,3,6,0,0
821,Jonathan Allen,8,7,0,0,0,0,0,0,0,0,0,0,3.0,19,16,3,3,7,0,0
822,Jordan Phillips,9,0,1,2,0,2,1,0,0,0,0,0,0.0,6,4,2,0,2,0,0
823,Nick Thurman,9,4,0,0,0,0,0,0,0,0,0,0,0.0,19,6,13,1,0,0,0
824,Kurt Hinish,10,0,0,0,0,0,0,0,0,0,0,0,0.0,12,5,7,2,0,0,0
825,Eric Johnson,11,0,0,0,0,0,0,0,0,0,0,0,0.0,17,2,15,0,0,0,0
826,Montravius Adams,11,0,0,0,0,0,0,0,0,0,0,0,1.0,14,9,5,2,1,0,0
827,DeWayne Carter,11,3,0,0,0,0,1,0,0,0,0,0,0.0,14,11,3,5,3,0,0
828,Maason Smith,11,5,0,0,0,0,3,0,0,0,0,0,3.0,17,10,7,3,4,0,0
829,Phidarian Mathis,12,0,0,0,0,0,1,0,0,0,0,0,0.0,17,8,9,2,0,0,0
830,Naquan Jones,12,0,0,0,0,0,2,0,0,0,0,0,3.0,27,11,16,4,4,0,0
831,Quinton Jefferson,12,0,0,0,0,0,0,0,0,0,0,0,2.0,14,5,9,3,4,0,0
832,Sheldon Day,12,0,0,0,0,0,1,0,0,0,0,0,0.0,24,12,12,2,1,0,0
833,Khalil Davis,12,0,0,0,0,0,0,0,0,0,0,0,1.0,12,7,5,4,2,0,0
834,DeShawn Williams,12,1,0,0,0,0,0,0,0,0,0,0,0.5,16,8,8,0,4,0,0
835,Dean Lowry,12,1,0,0,0,0,1,0,0,0,0,0,1.0,5,1,4,0,1,0,0
836,Zachary Carter,12,2,0,0,0,0,1,0,0,0,0,0,1.5,22,10,12,0,2,0,0
837,DeForest Buckner,12,11,0,0,0,0,1,0,0,0,0,0,6.5,61,24,37,8,14,0,0
838,John Ridgeway,13,0,0,0,0,0,1,0,0,0,0,0,0.0,15,8,7,1,0,0,0
839,McKinnley Jackson,13,1,0,0,0,0,0,1,0,0,0,0,1.0,15,6,9,2,1,0,0
840,Jay Tufele,13,3,0,0,0,0,1,0,0,0,0,0,0.5,15,5,10,1,2,0,0
841,Mario Edwards,13,12,0,0,0,0,2,0,0,2,0,0,3.0,31,12,19,3,8,0,0
842,Austin Johnson,15,1,2,9,0,5,2,0,0,0,0,0,0.5,19,7,12,0,1,0,0
843,Jeremiah Ledbetter,15,3,0,0,0,0,0,0,0,0,0,0,2.0,38,20,18,8,4,0,0
844,Broderick Washington Jr.,15,5,0,0,0,0,2,1,0,0,0,0,2.0,21,9,12,1,2,0,0
845,Byron Cowart,15,7,0,0,0,0,0,0,0,0,0,0,2.5,26,14,12,5,4,0,0
846,Isaiahh Loudermilk,16,0,0,0,0,0,1,0,0,0,0,0,0.0,17,10,7,0,0,0,0
847,Adetomiwa Adebawore,16,0,0,0,0,0,0,0,0,0,0,0,1.0,7,5,2,3,2,0,0
848,Jeremiah Pharms,16,5,0,0,0,0,0,0,0,0,0,0,2.0,33,16,17,4,5,0,0
849,Dante Stills,16,10,0,0,0,0,1,1,0,0,0,0,4.5,42,20,22,4,6,0,0
850,Jeffery Simmons,16,16,0,0,0,0,4,2,0,2,0,0,5.0,76,41,35,11,9,0,1
851,Teair Tart,17,0,1,4,0,4,2,1,1,1,0,0,1.0,29,15,14,5,5,0,0
852,Linval Joseph,17,0,0,0,0,0,0,1,0,0,0,0,2.0,19,9,10,2,3,0,0
853,Raekwon Davis,17,0,0,0,0,0,1,0,0,0,0,0,0.0,15,7,8,1,0,0,0
854,Chris Williams,17,1,0,0,0,0,0,0,0,0,0,0,3.0,23,17,6,3,7,0,0
855,Malcolm Roach,17,1,0,0,0,0,2,1,0,1,0,0,2.5,43,18,25,5,8,0,0
856,Moro Ojomo,17,1,0,0,0,0,0,0,0,0,0,0,0.0,20,6,14,0,5,0,0
857,Derrick Nnadi,17,1,0,0,0,0,0,0,0,0,0,0,0.0,11,3,8,0,0,0,0
858,Thomas Booker,17,1,0,0,0,0,1,0,0,0,0,0,1.0,18,8,10,2,2,0,0
859,Roy Robertson-Harris,17,2,0,0,0,0,1,0,0,0,0,0,2.0,20,10,10,4,5,0,0
860,Da'Shawn Hand,17,2,0,0,0,0,1,1,0,1,0,0,1.0,31,20,11,5,4,0,0
861,Elijah Chatman,17,3,0,0,0,0,0,0,0,1,0,0,1.0,21,11,10,2,3,0,0
862,Taven Bryan,17,6,0,0,0,0,1,0,0,1,0,0,1.0,20,11,9,3,2,0,0
863,Milton Williams,17,7,0,0,0,0,1,1,0,1,0,0,5.0,24,11,13,7,10,0,0
864,Jonah Laulu,17,7,0,0,0,0,3,0,0,0,0,0,1.0,35,15,20,3,2,0,0
865,Johnathan Hankins,17,8,1,0,0,0,1,0,0,0,0,0,1.0,30,15,15,5,2,0,0
866,Bryan Bresee,17,11,0,0,0,0,3,1,0,0,0,0,7.5,25,17,8,7,14,0,0
867,Nnamdi Madubuike,17,17,0,0,0,0,1,1,0,0,0,0,6.5,43,21,22,11,17,0,1
